gene_symbol,uniprot_id,partition,pubmed_publication_count,clinical_trial_count,pdb_count,best_resolution_angstrom,average_resolution_angstrom,distinct_compound_count,citation_component,clinical_component,structure_component,compound_diversity_component,pdis_default_0_100,rank_default,pdis_submitted_0_100,pharos_tdl
EGFR,P00533,kinhub_core,33585,432,371,1.07,2.5298886792452833,14911,100,100,83.52,94.62,96.36,1,95.74,Tclin
MTOR,P42345,kinhub_core,18902,877,49,1.45,2.6973469387755107,9292,94.48,100,80.84,89.96,93.29,2,78.3,Tclin
MET,P08581,kinhub_core,8998,307,122,1.133,2.0734754098360657,6632,87.36,100,90.82,86.64,92.03,3,86.99,Tclin
KIT,P10721,kinhub_core,10439,125,61,1.45,2.1378852459016393,5033,88.79,100,89.79,83.92,91.88,4,94.34,Tclin
BTK,Q06187,kinhub_core,3682,228,167,1.08,1.8002215568862276,13554,78.79,100,95.2,93.68,91.08,5,82.73,Tclin
ALK,Q9UM73,kinhub_core,7802,105,74,1.5,2.064843243243243,3482,85.99,100,90.96,80.3,90.54,6,90.19,Tclin
BCR,P11274,kinhub_core,11343,213,3,1.647,1.8330000000000002,1183,89.59,100,91.14,69.67,90.0,7,78.39,Tclin
BRAF,P15056,kinhub_core,6310,106,100,1.5,2.681483,7328,83.96,100,81.1,87.62,89.44,8,87.41,Tclin
ERBB2,P04626,kinhub_core,4740,212,46,1.25,2.634130434782609,4094,81.21,100,81.85,81.89,87.69,9,84.25,Tclin
KDR,P35968,kinhub_core,1716,107,51,1.5,2.250764705882353,14324,71.47,100,87.99,94.22,87.52,10,86.02,Tclin
CDK4,P11802,kinhub_core,5523,132,11,2.253,2.6675454545454547,4410,82.68,100,63.25,82.62,85.2,11,71.43,Tclin
ABL1,P00519,kinhub_core,2599,79,76,1.03,2.042282017150263,4713,75.45,79,91.32,83.28,80.58,12,82.91,Tclin
FLT1,P17948,kinhub_core,1705,90,9,1.7,2.302,2561,71.41,90,82.37,77.27,80.41,13,82.97,Tclin
JAK2,O60674,kinhub_core,6650,44,171,1.3,2.031528325972924,15839,84.46,44,91.5,95.21,73.94,14,70.15,Tclin
JAK1,P23458,kinhub_core,2928,49,52,1.33,2.0484634615384616,12985,76.59,49,91.22,93.25,72.61,15,65.51,Tclin
RET,P07949,kinhub_core,3137,52,26,1.64,2.2461153846153845,5419,77.25,52,84.7,84.65,71.31,16,72.91,Tclin
SRC,P12931,kinhub_core,22658,27,74,1.45,2.0090875177174325,6028,96.22,27,91.85,85.7,70.67,17,70.59,Tclin
FLT3,P36888,kinhub_core,3454,50,7,2.1,2.6215714285714284,6617,78.18,50,67.65,86.62,68.44,18,70.67,Tclin
PIK3CA,P42336,uniprot_extended,2486,43,120,1.75,2.7501644016120834,11661,75.02,43,74,92.2,67.04,19,55.31,Tclin
AURKA,O14965,kinhub_core,2009,42,201,1.58,2.4328857054915423,5031,72.98,42,83.15,83.92,66.17,20,64.26,Tchem
AKT1,P31749,kinhub_core,6152,24,44,0.98,2.1705,5032,83.72,24,89.27,83.92,64.77,21,56.55,Tchem
ATR,Q13535,kinhub_core,2420,49,8,2.5,2.95875,3157,74.77,49,52.66,79.33,63.26,22,50.03,Tchem
CDK2,P24941,kinhub_core,5281,13,515,0.98,2.0567438834951455,10853,82.25,13,91.09,91.49,62.18,23,56.33,Tchem
ROS1,P08922,kinhub_core,1392,46,5,2.035,2.2188000000000003,829,69.46,46,75.66,66.18,62.13,24,60.49,Tclin
FGFR1,P11362,kinhub_core,1667,26,81,1.63,2.3074567901234566,6588,71.19,26,83.96,86.57,60.82,25,59.84,Tclin
PLK1,P53350,kinhub_core,2395,11,85,1.398,2.0821411764705884,25763,74.67,11,90.69,100.0,60.34,26,47.3,Tchem
PTK2,Q05397,kinhub_core,3074,18,40,1.361,2.167325,3373,77.06,18,89.32,79.98,59.9,27,53.84,Tclin
SYK,P43405,kinhub_core,3506,11,91,1.32,1.9921208791208789,6548,78.32,11,92.13,86.51,59.55,28,55.33,Tclin
MAPK14,Q16539,kinhub_core,1018,24,265,1.45,2.1549056603773584,6382,66.46,24,89.52,86.26,59.45,29,55.98,Tchem
GNE,Q9Y223,uniprot_extended,310,73,5,1.64,2.228,2,55.07,73,84.99,10.82,58.66,30,56.86,Tbio
MAP2K1,Q02750,kinhub_core,1491,30,94,1.7,2.663981914893617,1844,70.12,30,76.58,74.04,58.48,31,58.71,Tclin
ATM,Q13315,kinhub_core,4769,25,9,2.5,2.78,4100,81.27,25,55.52,81.91,58.33,32,44.68,Tchem
MAPK1,P28482,kinhub_core,1851,6,158,1.12,2.01731582278481,20447,72.19,6,91.72,97.72,57.64,33,41.35,Tchem
PDGFRA,P16234,kinhub_core,1114,26,17,1.77,2.3210588235294116,1767,67.33,26,80.38,73.62,56.78,34,60.47,Tclin
RAF1,P04049,kinhub_core,2514,9,60,1.05,2.0986,3972,75.13,9,90.42,81.59,56.71,35,55.19,Tclin
GSK3B,P49841,kinhub_core,3796,4,121,1.39,2.4147190082644627,7218,79.08,4,85.36,87.47,56.5,36,54.0,Tclin
NTRK1,P04629,kinhub_core,698,19,63,1.52,2.338139237553016,7423,62.85,19,86.11,87.75,56.26,37,54.21,Tclin
CHEK1,O14757,kinhub_core,1210,13,165,1.3,2.0388757575757572,4098,68.12,13,91.38,81.9,55.92,38,53.17,Tchem
JAK3,P52333,kinhub_core,1321,7,42,1.55,2.1835714285714283,10304,68.96,7,87.86,90.98,55.13,39,53.42,Tclin
CDK6,Q00534,kinhub_core,2036,16,22,1.8,2.577781818181818,2305,73.11,16,75.56,76.24,55.0,40,42.3,Tclin
FYN,P06241,kinhub_core,2572,3,42,0.9,1.730692857142857,2252,75.35,3,96.31,76.01,54.84,41,56.71,Tclin
TYK2,P29597,kinhub_core,1071,9,52,1.65,2.2265192307692305,9661,66.95,9,84.78,90.34,54.5,42,49.65,Tclin
PDGFRB,P09619,kinhub_core,2181,9,4,1.79,2.2024999999999997,2938,73.77,9,81.8,78.63,54.33,43,57.43,Tclin
IGF1R,P08069,kinhub_core,2667,4,34,1.5,2.4745604813241178,4178,75.7,4,84.41,82.09,54.32,44,47.9,Tclin
AXL,P30530,kinhub_core,1612,21,4,2.3,2.8775,4179,70.87,21,58.76,82.09,54.1,45,53.87,Tchem
LCK,P06239,kinhub_core,2364,1,53,1,2.155754716981132,4035,74.54,1,89.51,81.75,53.72,46,56.76,Tclin
WEE1,P30291,kinhub_core,1114,11,28,1.53,2.097642857142857,1603,67.33,11,89.72,72.66,53.17,47,50.46,Tchem
CDK1,P06493,kinhub_core,3307,4,13,2,2.5,4272,77.76,4,72,82.31,52.97,48,39.25,Tchem
MAP2K4,P45985,kinhub_core,1360,28,3,2.3,2.466666666666667,340,69.24,28,65.33,57.42,52.87,49,52.7,Tchem
PIK3CG,P48736,uniprot_extended,360,24,107,2,2.732252336448598,7417,56.51,24,68.28,87.74,52.84,50,38.22,Tclin
IRAK4,Q9NWZ3,kinhub_core,597,8,98,1.401,2.2971530612244897,10302,61.35,8,87.25,90.98,52.82,51,37.66,Tchem
LRRK2,Q5S007,kinhub_core,2184,2,25,1.327,2.74096,4734,73.78,2,80.14,83.32,52.5,52,38.62,Tchem
RIPK1,Q13546,kinhub_core,1670,2,36,1.4,2.4554722222222223,4702,71.21,2,84.71,83.25,52.4,53,50.04,Tchem
FGFR3,P22607,kinhub_core,663,11,15,1.4,2.4003,4079,62.35,11,85.6,81.86,52.36,54,51.29,Tclin
LYN,P07948,kinhub_core,1992,2,4,1.199,2.04975,1669,72.9,2,91.2,73.06,52.34,55,56.13,Tclin
ROCK1,Q13464,kinhub_core,1230,16,29,2.2,2.8577586206896552,4396,68.28,16,61.48,82.59,52.1,56,38.34,Tclin
CSF1R,P07333,kinhub_core,555,14,25,1.69,2.406688,3819,60.65,14,80.93,81.21,51.91,57,54.58,Tclin
ITK,Q08881,kinhub_core,561,9,34,1.348,2.0776764705882353,2522,60.75,9,90.76,77.12,51.23,58,49.28,Tclin
CDK5,Q00535,kinhub_core,2382,0,10,1.9,2.395,4063,74.61,0,76.08,81.82,51.19,59,48.46,Tchem
NTRK2,Q16620,kinhub_core,838,10,7,1.7,2.1334285714285715,1604,64.6,10,85.07,72.67,51.16,60,52.49,Tclin
PDK1,Q15118,kinhub_core,2083,0,44,1.09,2.033890909090909,995,73.33,0,91.46,67.97,51.02,61,39.69,Tchem
TGFBR1,P36897,kinhub_core,793,3,42,1.337,2.008142857142857,3204,64.07,3,91.87,79.48,50.91,62,44.94,Tchem
PIM1,P11309,kinhub_core,963,0,192,1.6,2.2175208333333334,6961,65.93,0,86.12,87.12,50.85,63,44.77,Tchem
BRD4,O60885,kinhub_core,350,1,615,0.94,1.6624850145976748,12796,56.24,1,97.4,93.11,50.83,64,35.31,Tchem
FGFR2,P21802,kinhub_core,848,8,61,1.77,2.3733311475409837,3071,64.71,8,79.55,79.06,50.67,65,51.33,Tclin
IKBKB,O14920,kinhub_core,4063,0,3,2.2,2.4266666666666667,2205,79.74,0,68.37,75.8,50.61,66,37.97,Tchem
FER,P16591,kinhub_core,507,9,1,1.37,1.37,790,59.78,9,100,65.7,50.54,67,49.8,Tclin
TBK1,Q9UHD2,kinhub_core,1585,0,22,1.451,2.7846454545454544,3369,70.71,0,79.45,79.97,50.14,68,36.81,Tchem
TGFBR2,P37173,kinhub_core,1226,2,19,1.05,2.1164736842105265,1232,68.24,2,90.14,70.07,50.11,69,47.83,Tchem
DYRK1A,Q13627,kinhub_core,735,1,91,1.05,2.329269486975385,5480,63.34,1,86.73,84.76,50.03,70,35.9,Tchem
PRKCD,Q05655,kinhub_core,993,1,1,1.7,1.7,1782,66.22,1,92,73.71,50.02,71,46.18,Tclin
ULK1,O75385,kinhub_core,1526,0,14,1.07,1.8662857142857143,728,70.34,0,94.14,64.9,49.95,72,39.14,Tchem
PKM,P14618,uniprot_extended,678,0,60,1.35,2.396333333333333,7095,62.57,0,85.66,87.3,49.68,73,35.13,Tchem
BMPR2,Q13873,kinhub_core,544,17,5,1.48,2.396,327,60.46,17,85.66,57.04,49.6,74,47.37,Tchem
ILK,Q13418,kinhub_core,1315,0,16,1.203,1.581625,408,68.92,0,98.69,59.21,49.29,75,39.42,Tchem
PAK1,Q13153,kinhub_core,1420,0,45,1.64,2.137111111111111,1214,69.65,0,86.45,69.93,49.28,76,43.39,Tchem
AKT2,P31751,kinhub_core,1017,1,18,1.6,2.2844444444444445,2157,66.45,1,85.05,75.58,49.25,77,43.93,Tchem
CSK,P41240,kinhub_core,1712,1,5,1.31,2.0957999999999997,446,71.45,1,90.47,60.08,49.24,78,47.67,Tchem
EPHA2,P29317,kinhub_core,643,1,93,0.978,1.7839032258064516,1723,62.06,1,95.46,73.37,49.16,79,49.0,Tclin
NTRK3,Q16288,kinhub_core,429,10,5,1.708,1.96162,1201,58.18,10,87.62,69.82,48.97,80,50.36,Tclin
MAPK3,P27361,kinhub_core,629,10,8,1.4,2.63375,921,61.85,10,81.86,67.21,48.8,81,37.59,Tchem
ROCK2,O75116,kinhub_core,981,5,22,2.2,2.8277272727272726,7162,66.11,5,61.96,87.4,48.6,82,34.03,Tclin
RIPK3,Q9Y572,kinhub_core,1687,0,4,1.271,2.41525,625,71.3,0,85.36,63.4,48.56,83,37.99,Tchem
PDPK1,O15530,kinhub_core,560,0,68,1.09,2.022595588235294,2781,60.74,0,91.64,78.09,48.53,84,43.96,Tchem
AKT3,Q9Y243,kinhub_core,436,1,2,1.33,1.395,1531,58.34,1,100,72.21,48.48,85,42.21,Tchem
MERTK,Q12866,kinhub_core,707,1,41,1.74,2.287634146341463,3490,62.97,1,81.64,80.32,48.32,86,48.38,Tchem
PIK3CD,O00329,uniprot_extended,432,8,20,2.21,2.6825,12255,58.25,8,64.04,92.69,48.2,87,32.76,Tclin
CDK7,P50613,kinhub_core,655,2,43,1.7,2.295046511627907,2386,62.24,2,82.48,76.58,47.92,88,48.19,Tchem
CHEK2,O96017,kinhub_core,811,2,38,1.54,2.5236842105263158,1430,64.28,2,82.66,71.54,47.79,89,35.87,Tchem
CDK9,P50750,kinhub_core,1022,3,23,2.1,2.968782608695652,5419,66.5,3,62.1,84.65,47.62,90,43.72,Tchem
FGFR4,P22455,kinhub_core,354,3,52,1.42,2.2253302499459617,2826,56.34,3,88.39,78.24,47.55,91,41.78,Tclin
ZAP70,P43403,kinhub_core,1177,1,15,1.48,2.383666666666667,518,67.85,1,85.86,61.55,47.52,92,43.02,Tchem
FES,P07332,kinhub_core,495,4,10,1.25,1.908,690,59.55,4,93.47,64.37,47.49,93,44.03,Tclin
SGK1,O00141,kinhub_core,1222,3,4,1.9,2.5265,930,68.21,3,73.98,67.31,47.28,94,36.07,Tchem
PRKCA,P17252,kinhub_core,1046,1,5,1.9,2.526,1722,66.72,1,73.98,73.37,47.13,95,34.9,Tchem
GCK,P35557,uniprot_extended,217,11,35,1.5,2.2847142857142857,1210,51.67,11,87.44,69.9,47.11,96,35.46,Tchem
CDC7,O00311,kinhub_core,489,0,9,1.44,2.0553333333333335,1450,59.44,0,91.11,71.68,46.94,97,35.0,Tchem
DDR1,Q08345,kinhub_core,398,0,37,1.291,2.032805927948919,1886,57.47,0,91.48,74.26,46.78,98,50.84,Tchem
MAP4K1,Q92918,kinhub_core,207,0,49,1.31,2.020857142857143,6405,51.21,0,91.67,86.3,46.73,99,46.19,Tchem
TYRO3,Q06418,kinhub_core,408,2,1,1.96,1.96,2914,57.7,2,81.6,78.55,46.59,100,42.9,Tchem
SPHK1,Q9NYA1,uniprot_extended,1221,0,5,1.8,2.23,534,68.21,0,81.12,61.85,46.57,101,36.26,Tchem
EPHB4,P54760,kinhub_core,279,1,22,1.049,1.751,1378,54.07,1,95.98,71.18,46.22,102,45.88,Tchem
CSNK2A1,P68400,kinhub_core,225,0,321,1.04,1.9396971042287225,3437,52.01,0,92.96,80.17,46.19,103,43.04,Tchem
LIMK1,P53667,kinhub_core,534,0,11,1.65,2.2609090909090908,1408,60.28,0,84.23,71.39,46.03,104,44.34,Tchem
ACVR1,Q04771,kinhub_core,209,1,85,1.25,1.7248235294117649,2059,51.31,1,96.4,75.13,46.02,105,44.41,Tchem
HCK,P08631,kinhub_core,676,1,37,1.651,2.384324324324324,871,62.54,1,82.23,66.66,45.99,106,47.92,Tclin
MAPKAPK2,P49137,kinhub_core,756,2,25,2,2.888,2363,63.61,2,65.79,76.48,45.58,107,36.47,Tchem
PTK2B,Q14289,kinhub_core,437,1,23,1.6,2.3088347826086957,1220,58.36,1,84.66,69.98,45.56,108,45.42,Tclin
BUB1,O43683,kinhub_core,502,0,10,1.75,2.2712,1424,59.69,0,81.66,71.5,45.42,109,33.51,Tchem
IRAK1,P51617,kinhub_core,832,1,1,2.26,2.26,1473,64.53,1,69.6,71.83,45.41,110,33.44,Tchem
PRKCG,P05129,kinhub_core,660,0,1,2,2,984,62.31,0,80,67.86,45.41,111,34.1,Tchem
CHUK,O15111,kinhub_core,1022,1,1,2.25,2.25,940,66.5,1,70,67.41,45.4,112,34.17,Tchem
TTK,P33981,kinhub_core,473,2,78,1.8,2.538076923076923,1826,59.12,2,76.19,73.95,45.4,113,45.15,Tchem
GRK2,P25098,kinhub_core,1260,1,19,2.07,2.6453203646126315,732,68.51,1,67.99,64.95,45.33,114,34.5,Tchem
DCK,P27707,uniprot_extended,532,3,56,1.6,2.1454285714285715,368,60.24,3,87.27,58.2,45.33,115,35.63,Tchem
PAK4,O96013,kinhub_core,387,0,50,1.6,2.34286,1732,57.2,0,84.11,73.43,45.32,116,33.08,Tchem
TK1,P04183,uniprot_extended,577,8,4,1.83,2.1825,210,61.02,8,81.16,52.69,45.31,117,36.53,Tchem
CLK1,P49759,kinhub_core,294,0,38,1.45,2.064,1363,54.57,0,90.98,71.07,45.2,118,46.38,Tchem
NEK2,P51955,kinhub_core,335,0,29,1.55,2.181344827586207,1432,55.82,0,87.9,71.55,45.18,119,43.46,Tchem
ADK,P55263,uniprot_extended,456,0,7,1.5,2.3185714285714285,838,58.77,0,86.9,66.28,45.12,120,34.07,Tchem
PRKCQ,Q04759,kinhub_core,604,0,5,2,2.306,1593,61.46,0,75.1,72.6,45.1,121,42.4,Tchem
MAP3K1,Q13233,kinhub_core,657,3,1,1.90032055102,1.90032055102,292,62.27,3,83.99,55.93,45.08,122,35.75,Tchem
MAP3K5,Q99683,kinhub_core,601,1,26,2.098,2.4866153846153844,2131,61.41,1,69.86,75.47,45.02,123,36.08,Tchem
MAPK8,P45983,kinhub_core,227,1,36,1.33,2.466555555555556,3125,52.1,1,84.54,79.23,44.99,124,31.79,Tchem
LATS1,O95835,kinhub_core,493,1,4,1.606,2.29475,584,59.51,1,84.74,62.73,44.75,125,45.2,Tchem
INSR,P06213,kinhub_core,374,0,41,1.65,2.654,2428,56.87,0,77.94,76.75,44.74,126,40.39,Tclin
PDK4,Q16654,kinhub_core,647,0,8,1.86,2.0975,528,62.12,0,81.8,61.74,44.63,127,34.34,Tchem
AURKB,Q96GD4,kinhub_core,1076,1,1,2.75,2.75,3978,66.99,1,50,81.61,44.6,128,44.45,Tchem
FGR,P09769,kinhub_core,473,1,7,1.3,1.9957142857142858,258,59.12,1,92.07,54.71,44.5,129,50.54,Tchem
ERN1,O75460,kinhub_core,479,0,25,1.736,2.51248,1186,59.24,0,78.14,69.7,44.39,130,32.77,Tchem
LTK,P29376,kinhub_core,274,0,2,1.3,1.625,453,53.89,0,98,60.24,44.34,131,46.37,Tclin
CDK8,P49336,kinhub_core,476,2,33,2.04,2.45969696969697,1419,59.18,2,71.68,71.46,44.25,132,43.86,Tchem
PRKACA,P17612,kinhub_core,200,1,50,1.55,2.1289,1586,50.89,1,88.74,72.56,44.18,133,39.36,Tchem
MLKL,Q8NB16,kinhub_core,1474,1,15,1.371,2.2490666666666663,34,70.01,1,88.01,35.0,44.17,134,38.34,Tbio
ERBB4,Q15303,kinhub_core,923,4,9,2.396,2.867333333333333,1125,65.52,4,56.62,69.18,44.14,135,45.19,Tclin
CLK3,P49761,kinhub_core,211,0,22,1.42,2.066727272727273,1269,51.4,0,90.93,70.36,44.02,136,40.73,Tchem
PLK4,O00444,kinhub_core,378,1,14,1.81,2.574214285714286,1554,56.97,1,75.37,72.36,43.95,137,43.96,Tchem
PRKG1,Q13976,kinhub_core,207,1,25,1.26,1.98688,887,51.21,1,92.21,66.84,43.91,138,38.53,Tchem
MELK,Q14680,kinhub_core,269,1,32,1.77,2.30290625,1695,53.72,1,80.67,73.21,43.89,139,43.21,Tchem
PGK1,P00558,uniprot_extended,661,0,30,1.44,1.9058666666666668,95,62.32,0,93.51,44.94,43.85,140,36.36,Tchem
STK3,Q13188,kinhub_core,187,0,45,1.4,1.9914900307315555,1280,50.24,0,92.14,70.45,43.85,141,45.14,Tchem
PTK6,Q13882,kinhub_core,211,0,7,1.5,1.9742857142857144,929,51.4,0,92.41,67.3,43.75,142,42.74,Tchem
DAPK2,Q9UIK4,kinhub_core,933,0,9,1.47,2.4703333333333335,112,65.63,0,84.47,46.54,43.71,143,45.35,Tchem
DCLK1,O15075,kinhub_core,304,0,10,1.504,2.2713,725,54.89,0,87.56,64.86,43.7,144,43.09,Tchem
SRPK1,Q96SB4,kinhub_core,239,0,12,1.2,2.1109166666666668,860,52.59,0,90.23,66.54,43.66,145,42.77,Tchem
RPS6KA3,P51812,kinhub_core,303,0,15,1.74,2.46536,1720,54.86,0,78.79,73.36,43.64,146,39.86,Tchem
MAP4K4,O95819,kinhub_core,192,0,19,1.45,2.3438947368421053,1867,50.5,0,86.5,74.16,43.61,147,44.28,Tchem
FLT4,P35916,kinhub_core,232,13,1,2.5,2.5,1314,52.3,13,60,70.71,43.55,148,46.63,Tclin
MUSK,O15146,kinhub_core,1048,0,5,1.7,2.402,115,66.74,0,80.77,46.8,43.51,149,48.28,Tchem
DMPK,Q09013,kinhub_core,672,1,2,1.6,2.2,118,62.48,1,86.4,47.05,43.4,150,46.47,Tchem
DDR2,Q16832,kinhub_core,279,2,4,1.6,2.3025,620,54.07,2,84.76,63.32,43.37,151,45.85,Tchem
PFKFB3,Q16875,uniprot_extended,504,0,26,1.96,2.4676923076923076,911,59.73,0,73.48,67.1,43.34,152,32.15,Tchem
ARAF,P10398,kinhub_core,247,1,4,1.42,1.8125,333,52.9,1,95,57.21,43.34,153,33.8,Tchem
PIK3C3,Q8NEB9,uniprot_extended,243,0,31,1.26,2.486483870967742,1253,52.75,0,84.22,70.24,43.33,154,31.62,Tchem
DAPK1,P53355,kinhub_core,368,0,74,1.086,1.8076216216216217,184,56.72,0,95.08,51.4,43.32,155,44.15,Tchem
MST1R,Q04912,kinhub_core,414,0,4,1.85,2.285,731,57.84,0,79.04,64.94,43.28,156,32.45,Tchem
MKNK1,Q9BUB5,kinhub_core,188,0,3,1.55,2.35,1795,50.3,0,85.2,73.78,43.26,157,30.97,Tchem
RPS6KB1,P23443,kinhub_core,204,1,22,1.75,2.5132727272727275,2624,51.08,1,77.79,77.51,43.24,158,30.32,Tchem
EPHB2,P29323,kinhub_core,288,0,5,1.37,2.018,380,54.37,0,91.71,58.51,43.16,159,44.31,Tchem
YES1,P07947,kinhub_core,213,2,1,1.9,1.9,938,51.49,2,84,67.39,43.06,160,46.37,Tclin
CAMKK2,Q96RR4,kinhub_core,290,0,24,1.5,2.1441666666666666,433,54.44,0,89.69,59.79,43.06,161,45.17,Tchem
BMX,P51813,kinhub_core,201,1,4,1.3,1.8977499999999998,468,50.93,1,93.64,60.56,43.01,162,41.36,Tchem
ROR1,Q01973,kinhub_core,339,1,4,1.4,1.7275,122,55.93,1,96.36,47.38,42.93,163,35.04,Tbio
PLK3,Q9H4B4,kinhub_core,185,2,1,1.9,1.9,1123,50.14,2,84,69.16,42.91,164,35.02,Tchem
PDK2,Q15119,kinhub_core,203,0,38,1.65,2.174236842105263,1070,51.03,0,85.61,68.69,42.73,165,31.28,Tchem
AAK1,Q2M2I8,kinhub_core,123,0,8,1,1.903875,1244,46.25,0,93.54,70.17,42.7,166,43.58,Tchem
RPS6KA5,O75582,kinhub_core,342,0,8,1.8,2.5375,873,56.01,0,76.2,66.69,42.48,167,42.89,Tchem
TEK,Q02763,kinhub_core,325,1,15,2.02,2.4856,1200,55.53,1,71.75,69.81,42.44,168,44.25,Tclin
PKLR,P30613,uniprot_extended,248,0,62,1.62,2.1591612903225808,539,52.94,0,86.57,61.94,42.4,169,32.08,Tclin
PRKAA2,P54646,kinhub_core,422,0,12,1.85,2.6835833333333334,783,58.03,0,72.66,65.62,42.39,170,42.36,Tchem
ERBB3,P21860,kinhub_core,1096,2,20,1.997,2.87565,153,67.17,2,66.06,49.59,42.33,171,34.07,Tclin
RIPK2,O43353,kinhub_core,324,0,29,1.8,2.659758620689655,1069,55.5,0,74.24,68.68,42.32,172,44.32,Tchem
SLK,Q9H2G2,kinhub_core,134,3,7,1.63,2.204285714285714,981,47.07,3,85.61,67.83,42.26,173,46.92,Tchem
ABL2,P42684,kinhub_core,139,1,7,1.2,1.8228571428571427,512,47.42,1,94.83,61.44,42.19,174,46.15,Tchem
TNK2,Q07912,kinhub_core,136,1,17,1.31,2.396823529411765,1281,47.21,1,85.65,70.46,42.09,175,37.61,Tclin
GRK5,P34947,kinhub_core,399,0,21,1.802,2.6597619047619045,618,57.49,0,74.2,63.29,42.08,176,31.53,Tchem
CAMK2D,Q13557,kinhub_core,133,0,9,1.46,2.126666666666667,1048,47,0,89.97,68.48,42.07,177,39.1,Tchem
DYRK1B,Q9Y463,kinhub_core,154,0,1,1.91,1.91,1401,48.39,0,83.6,71.34,41.95,178,40.97,Tchem
EPHA4,P54764,kinhub_core,243,0,12,1.43,2.3059166666666666,400,52.75,0,87.11,59.01,41.94,179,43.0,Tchem
PRKCE,Q02156,kinhub_core,717,0,2,2.25,2.75,608,63.1,0,62,63.13,41.89,180,39.81,Tchem
MYLK,Q15746,kinhub_core,153,0,5,1.17,1.778,394,48.33,0,95.55,58.87,41.85,181,42.94,Tchem
PIM2,Q9P1W9,kinhub_core,246,0,2,2.33,2.565,4205,52.86,0,63.04,82.16,41.82,182,35.4,Tchem
PKN1,Q16512,kinhub_core,327,0,6,1.8,2.2383333333333333,385,55.59,0,80.99,58.64,41.8,183,43.55,Tchem
RPS6KA1,Q15418,kinhub_core,326,1,23,1.9,2.357565217391304,487,55.56,1,76.68,60.95,41.79,184,44.66,Tchem
MAP2K2,P36507,kinhub_core,496,2,2,2.2,2.7,611,59.57,2,64,63.18,41.72,185,43.27,Tclin
LIMK2,P53671,kinhub_core,166,0,6,1.45,2.183333333333333,597,49.11,0,89.07,62.95,41.71,186,39.65,Tchem
MAP2K7,O14733,kinhub_core,255,0,37,1.3,2.3327297297297296,324,53.21,0,86.68,56.95,41.67,187,32.18,Tchem
STK11,Q15831,kinhub_core,1424,2,4,2.65,2.83475,276,69.68,2,51.04,55.37,41.63,188,41.8,Tchem
EEF2K,O00418,kinhub_core,382,0,7,2.12,2.274714285714286,578,57.07,0,72.72,62.63,41.58,189,31.14,Tbio
PRKDC,P78527,kinhub_core,890,3,13,2.91,3.1953846153846155,1838,65.17,3,39.03,74.01,41.56,190,29.23,Tchem
HASPIN,Q8TF76,kinhub_core,178,0,42,1.4,1.9097619047619045,301,49.77,0,93.44,56.22,41.53,191,32.17,Tchem
STK4,Q13043,kinhub_core,264,0,14,1.9,2.4052857142857142,804,53.54,0,75.92,65.88,41.48,192,42.02,Tchem
MAPK13,O15264,kinhub_core,110,0,8,1.5,2.116625,1006,45.19,0,90.13,68.08,41.43,193,30.09,Tchem
HIPK2,Q9H2X6,kinhub_core,379,0,2,2.194,2.457,836,57,0,68.03,66.26,41.38,194,30.34,Tchem
EIF2AK3,Q9NZJ5,kinhub_core,376,0,15,1.8,2.5211333333333332,360,56.92,0,76.46,57.98,41.38,195,31.72,Tchem
PLK2,Q9NYY3,kinhub_core,261,0,7,1.738,2.207142857142857,373,53.43,0,82.97,58.33,41.36,196,31.64,Tchem
CAMK2A,Q9UQM7,kinhub_core,271,0,19,1.85,2.4078947368421053,560,53.79,0,77.07,62.32,41.16,197,40.17,Tchem
PRKAA1,Q13131,kinhub_core,633,0,7,2.65,2.962,1837,61.91,0,49.01,74.0,41.14,198,40.33,Tclin
DAPK3,O43293,kinhub_core,84,0,7,1.24,1.9785714285714284,1059,42.63,0,92.34,68.59,41.03,199,39.0,Tchem
PKMYT1,Q99640,kinhub_core,108,1,28,1.5,1.9828064505060714,478,45.01,1,92.28,60.76,40.84,200,36.48,Tchem
PRKG2,Q13237,kinhub_core,89,0,6,1.47,1.7933333333333332,598,43.18,0,95.31,62.97,40.77,201,36.04,Tchem
MAPK9,P45984,kinhub_core,65,0,5,1.69,2.0804,2587,40.2,0,86.15,77.37,40.65,202,37.16,Tchem
MAP3K8,P41279,kinhub_core,294,8,3,2.33,2.64,316,54.57,8,61.84,56.7,40.61,203,31.16,Tchem
STK39,Q9UEW8,kinhub_core,248,0,1,1.73,1.73,116,52.94,0,90.8,46.89,40.59,204,32.78,Tchem
TNIK,Q9UKE5,kinhub_core,130,0,11,1.2,2.4944545454545453,800,46.78,0,84.09,65.83,40.58,205,44.15,Tchem
PAK3,O75914,kinhub_core,146,0,1,1.52,1.52,134,47.88,0,99.2,48.3,40.54,206,42.7,Tchem
MOS,P00540,kinhub_core,824,57,0,,,0,64.44,57,0,0.0,40.48,207,40.48,Tbio
PKN2,Q16513,kinhub_core,80,0,3,1.412,2.1140000000000003,1026,42.17,0,90.18,68.27,40.47,208,38.48,Tchem
EIF2AK4,Q9P2K8,kinhub_core,267,1,9,2.041,2.6323333333333334,693,53.65,1,68.9,64.42,40.44,209,41.77,Tchem
CAMK4,Q16566,kinhub_core,344,0,1,2.17,2.17,323,56.07,0,73.2,56.92,40.38,210,38.16,Tbio
NEK1,Q96PY6,kinhub_core,153,0,2,1.9,2,550,48.33,0,82.4,62.14,40.2,211,33.48,Tchem
EIF2AK2,P19525,kinhub_core,202,0,9,1.4,2.3726666666666665,216,50.98,0,86.04,52.97,40.16,212,43.41,Tbio
CHKA,P35790,uniprot_extended,143,1,26,1.45,2.148846153846154,238,47.69,1,89.62,53.92,40.15,213,31.17,Tchem
MAP2K6,P52564,kinhub_core,284,0,8,1.95,2.37,316,54.24,0,75.28,56.7,40.08,214,37.9,Tchem
MAP3K3,Q99759,kinhub_core,113,0,4,1.25,1.8825,276,45.44,0,93.88,55.37,40.02,215,30.79,Tchem
MAPK10,P53779,kinhub_core,61,0,65,1.7,2.247584615384615,2600,39.6,0,83.24,77.42,39.98,216,38.6,Tchem
MATK,P42679,kinhub_core,87,0,2,1.5,2,526,42.96,0,92,61.7,39.94,217,29.65,Tbio
CDKL5,O76039,kinhub_core,291,1,3,2,2.266666666666667,201,54.47,1,75.73,52.26,39.82,218,31.11,Tchem
PAK2,Q13177,kinhub_core,416,0,5,2.1,2.698,306,57.89,0,66.43,56.38,39.77,219,34.0,Tchem
EPHA3,P29320,kinhub_core,113,0,28,1.07,1.6265,153,45.44,0,97.98,49.59,39.74,220,44.51,Tchem
CASK,O14936,kinhub_core,198,0,21,1.314,2.027809523809524,93,50.79,0,91.56,44.73,39.64,221,32.19,Tchem
MAPK7,Q13164,kinhub_core,144,0,14,1.65,2.3757142857142854,432,47.75,0,82.39,59.77,39.61,222,38.09,Tchem
WNK1,Q9H4A3,kinhub_core,453,0,5,1.743,2.1094,37,58.7,0,84.42,35.81,39.6,223,33.64,Tchem
MARK3,P27448,kinhub_core,69,0,14,1.6,2.193723578032857,1149,40.77,0,86.5,69.39,39.57,224,38.21,Tchem
ACVRL1,P37023,kinhub_core,357,2,5,2.3000067422,2.88140134844,535,56.42,2,58.7,61.87,39.57,225,36.53,Tchem
STK24,Q9Y6E0,kinhub_core,89,1,40,1.45,1.934251284573,294,43.18,1,93.05,55.99,39.57,226,40.44,Tchem
BRD2,P25440,kinhub_core,42,0,174,0.91,1.7811777512283906,1090,36.09,0,95.5,68.87,39.43,227,27.95,Tchem
PI4KB,Q9UBF8,uniprot_extended,112,1,17,1.506,2.7973529411764706,706,45.36,1,79.1,64.6,39.4,228,28.64,Tchem
PNKP,Q96T60,uniprot_extended,146,0,2,1.4,1.625,70,47.88,0,98,41.97,39.29,229,32.29,Tchem
CLK2,P49760,kinhub_core,94,0,6,1.95,2.591666666666667,2343,43.7,0,71.73,76.4,39.26,230,39.97,Tchem
CDK12,Q9NYV4,kinhub_core,277,0,30,2.2,3.1367333333333334,1288,54,0,57.01,70.51,39.25,231,27.5,Tchem
CSNK1D,P48730,kinhub_core,31,0,46,1.4,2.0191304347826087,2537,33.25,0,91.69,77.18,39.23,232,38.94,Tchem
MAP3K7,O43318,kinhub_core,186,0,25,1.97,2.4380599999999997,481,50.19,0,73.71,60.83,39.15,233,29.02,Tchem
MAP3K2,Q9Y2U5,kinhub_core,99,0,8,1.6,1.955,288,44.19,0,90.32,55.79,39.08,234,29.78,Tchem
HK2,P52789,uniprot_extended,1156,1,4,2.45,2.71675,53,67.68,1,57.73,39.27,39.06,235,32.52,Tchem
PRKCI,P41743,kinhub_core,68,0,13,1.5,2.6246923076923077,1355,40.63,0,82,71.01,39.04,236,27.21,Tchem
BMPR1A,P36894,kinhub_core,122,0,10,1.85,2.3253,630,46.17,0,78.4,63.48,39.04,237,28.46,Tchem
MAPKAPK3,Q16644,kinhub_core,83,0,5,1.9,2.028,861,42.51,0,81.95,66.55,38.92,238,27.83,Tchem
PAK6,Q9NQU5,kinhub_core,82,0,6,1.4,1.7808333333333335,218,42.4,0,95.51,53.06,38.89,239,37.32,Tchem
MAP2K5,Q13163,kinhub_core,119,0,3,1.75,2.06,306,45.94,0,85.04,56.38,38.88,240,29.49,Tchem
GSK3A,P49840,kinhub_core,53,0,2,1.94,2.17,2705,38.28,0,78.72,77.81,38.85,241,35.27,Tclin
DYRK2,Q92630,kinhub_core,152,1,26,2.15,2.542576923076923,789,48.27,1,67.72,65.69,38.66,242,27.71,Tchem
PIP4K2A,P48426,uniprot_extended,61,0,18,1.71,2.326111111111111,1263,39.6,0,81.74,70.32,38.54,243,26.82,Tbio
MARK2,Q7KZI7,kinhub_core,158,0,5,2.1,2.702,947,48.64,0,66.37,67.49,38.52,244,38.18,Tchem
TAOK3,Q9H2K8,kinhub_core,38,1,1,1.5,1.5,383,35.15,1,100,58.59,38.48,245,28.72,Tchem
MKNK2,Q9HBH9,kinhub_core,113,0,14,2.1,2.930142857142857,2500,45.44,0,62.72,77.04,38.44,246,38.18,Tchem
DGKZ,Q13574,uniprot_extended,47,1,1,1.1,1.1,240,37.14,1,100,54.0,38.38,247,29.38,Tchem
OXSR1,O95747,kinhub_core,151,0,4,1.62,1.93,77,48.21,0,90.24,42.89,38.26,248,31.11,Tbio
CSNK2A2,P19784,kinhub_core,26,0,56,0.833,1.3580241300307143,808,31.62,0,100,65.92,38.19,249,37.41,Tchem
STRADA,Q7RTN6,kinhub_core,135,2,4,1.85,2.4275,241,47.14,2,76.76,54.04,38.18,250,29.17,Tbio
PAK5,Q9P286,kinhub_core,88,0,4,1.4,1.67475,101,43.07,0,97.2,45.54,38.15,251,37.83,Tchem
AURKC,Q9UQB9,kinhub_core,132,0,3,1.75,2.2666666666666666,211,46.92,0,81.73,52.74,38.05,252,44.71,Tchem
CAMK1,Q14012,kinhub_core,138,0,4,2.2,2.475,787,47.35,0,67.6,65.67,37.99,253,36.45,Tchem
DYRK3,O43781,kinhub_core,51,0,1,1.9,1.9,979,37.91,0,84,67.81,37.94,254,26.64,Tchem
VRK1,Q99986,kinhub_core,175,0,22,1.15,2.1654545454545455,49,49.61,0,89.35,38.52,37.85,255,31.43,Tbio
MAP3K12,Q12852,kinhub_core,35,0,12,1.5,2.1705,1100,34.38,0,89.27,68.96,37.83,256,37.25,Tchem
CAMK1D,Q8IU85,kinhub_core,37,0,7,1.484,1.836285714285714,557,34.9,0,94.62,62.27,37.78,257,35.84,Tchem
GAK,O14976,kinhub_core,132,0,7,2.097,2.430142857142857,530,46.92,0,70.79,61.78,37.73,258,43.41,Tchem
PRKD2,Q9BZL6,kinhub_core,30,0,3,1.6,1.868,1080,32.95,0,91.71,68.78,37.73,259,35.67,Tchem
MAP3K11,Q16584,kinhub_core,27,0,4,1.2,1.55,594,31.97,0,99.2,62.9,37.67,260,38.1,Tchem
ERN2,Q76MJ5,kinhub_core,134,0,2,1.9,2.4,243,47.07,0,76,54.12,37.38,261,28.36,Tchem
SIK3,Q9Y2K2,kinhub_core,121,0,5,1.9,2.5957999999999997,407,46.1,0,72.87,59.19,37.38,261,27.51,Tchem
MAP3K20,Q9NYL2,kinhub_core,54,0,8,1.868,2.238875,977,38.45,0,79.35,67.79,37.34,263,39.07,Tchem
CDK13,Q14004,kinhub_core,93,0,2,2,2.1799999999999997,415,43.59,0,77.12,59.38,37.28,264,27.38,Tchem
HK1,P19367,uniprot_extended,144,0,10,1.9,2.5780000000000003,258,47.75,0,73.15,54.71,37.23,265,28.11,Tchem
BMPR1B,O00238,kinhub_core,74,0,1,2.05,2.05,570,41.43,0,78,62.49,37.22,266,26.81,Tchem
SGK3,Q96BR1,kinhub_core,164,0,1,2.009,2.009,100,48.99,0,79.64,45.44,37.18,267,29.6,Tchem
CKM,P06732,uniprot_extended,264,0,1,1.43,1.43,4,53.54,0,100,15.85,37.15,268,34.51,Tbio
GRK1,Q15835,kinhub_core,219,0,1,2.3,2.3,172,51.75,0,68,50.74,37.04,269,28.58,Tchem
IRAK3,Q9Y616,kinhub_core,171,0,2,2.18,2.5650000000000004,316,49.39,0,66.64,56.7,37.02,270,40.15,Tchem
AK2,P54819,uniprot_extended,144,0,2,2.1,2.355,250,47.75,0,71.92,54.4,36.97,271,27.9,Tbio
PRKCB,P05771,kinhub_core,134,1,7,2.41,2.855,1110,47.07,1,56.48,69.05,36.95,272,25.44,Tchem
TNK1,Q13470,kinhub_core,38,0,10,1.53,1.9734000000000003,398,35.15,0,91.71,58.97,36.83,273,40.03,Tchem
PASK,Q96RG2,kinhub_core,81,0,1,2.3,2.3,1027,42.28,0,68,68.28,36.81,274,25.43,Tchem
EPHB3,P54753,kinhub_core,71,0,4,1.88,2.11,331,41.04,0,81.12,57.16,36.73,275,32.96,Tchem
ROR2,Q01974,kinhub_core,293,0,6,1.083,1.8876666666666668,4,54.54,0,93.8,15.85,36.45,276,33.81,Tbio
EPHB1,P54762,kinhub_core,84,0,6,1.608,2.194166666666667,118,42.63,0,86.3,47.05,36.43,277,40.12,Tchem
TRIM24,O15164,kinhub_core,29,2,21,1.46,1.8679523809523808,269,32.64,2,94.11,55.12,36.42,278,27.23,Tchem
ULK3,Q6PHR2,kinhub_core,35,0,3,1.3859,1.8786333333333332,283,34.38,0,93.94,55.62,36.39,279,27.12,Tchem
PRKCH,P24723,kinhub_core,46,0,4,1.75,1.9874999999999998,360,36.94,0,86.2,57.98,36.34,280,35.12,Tchem
NEK7,Q8TDX7,kinhub_core,178,0,10,2.1,2.843,245,49.77,0,64.11,54.2,36.31,281,27.28,Tchem
TTBK2,Q6IQ55,kinhub_core,67,0,7,1.5,1.702,56,40.49,0,96.77,39.81,36.26,282,29.62,Tbio
MAPK11,Q15759,kinhub_core,60,0,4,1.9,2.41275,588,39.44,0,75.8,62.8,36.25,283,36.69,Tchem
BRD3,Q15059,kinhub_core,15,1,40,1.202,1.91595,1062,26.6,1,93.34,68.61,36.19,284,24.76,Tchem
EPHA1,P21709,kinhub_core,81,0,2,2,2.2,287,42.28,0,76.8,55.76,36.19,285,37.1,Tchem
NME2,P22392,uniprot_extended,74,0,8,1.3,1.897875,60,41.43,0,93.63,40.47,36.16,286,29.41,Tbio
PBK,Q96KB5,kinhub_core,176,1,1,2.74,2.74,745,49.67,1,50.4,65.13,36.14,287,25.29,Tchem
MINK1,Q8N4C8,kinhub_core,49,0,1,2.12,2.12,854,37.54,0,75.2,66.47,36.12,288,25.05,Tchem
STK10,O94804,kinhub_core,37,0,14,1.43,2.2614285714285716,386,34.9,0,87.82,58.66,36.05,289,42.71,Tchem
STK25,O00506,kinhub_core,75,0,4,1.644,2.11,106,41.55,0,86.78,46.01,35.98,290,39.22,Tchem
LATS2,Q9NRM7,kinhub_core,239,0,1,2.7,2.7,362,52.59,0,52,58.03,35.87,291,38.27,Tchem
EPHA7,Q15375,kinhub_core,53,0,7,1.6,2.392857142857143,273,38.28,0,83.31,55.27,35.86,292,38.17,Tchem
CDC42BPB,Q9Y5S2,kinhub_core,30,0,6,1.68,1.9866666666666666,506,32.95,0,87.89,61.32,35.85,293,35.03,Tchem
PDXK,O00764,uniprot_extended,75,0,10,1.94,2.259,256,41.55,0,77.3,54.63,35.84,294,26.73,Tbio
MAP3K14,Q99558,kinhub_core,64,0,8,2.31,2.61,1478,40.05,0,62.8,71.86,35.79,295,23.82,Tchem
CAMK2G,Q13555,kinhub_core,62,0,2,2.25,2.355,853,39.75,0,68.32,66.46,35.71,296,33.08,Tchem
CHKB,Q9Y259,uniprot_extended,54,0,3,1.302,1.5073333333333334,44,38.45,0,99.88,37.48,35.71,297,29.46,Tbio
PINK1,Q9BXM7,kinhub_core,2024,0,5,2.75,2.9939999999999998,8,73.05,0,46.1,21.63,35.64,298,32.03,Tbio
GRK6,P43250,kinhub_core,193,0,3,2.6,2.7466666666666666,398,50.55,0,53.65,58.97,35.62,299,25.79,Tchem
MAPK12,P53778,kinhub_core,58,1,4,2.4,2.655,1717,39.12,1,59.92,73.34,35.58,300,31.8,Tchem
CLK4,Q9HAZ1,kinhub_core,47,0,1,2.46,2.46,2569,37.14,0,61.6,77.3,35.53,301,35.68,Tchem
WNK4,Q96J92,kinhub_core,315,0,3,1.56,1.7,1,55.23,0,95.36,6.82,35.44,302,34.3,Tbio
RNASEL,Q05823,kinhub_core,117,0,5,1.8,2.34,67,45.78,0,79.36,41.54,35.41,303,28.49,Tchem
CSNK1A1,P48729,kinhub_core,67,0,5,2.28,2.8560000000000003,1394,40.49,0,59.58,71.29,35.31,304,23.43,Tchem
VRK2,Q86Y07,kinhub_core,70,0,5,1.7,2.08,85,40.9,0,85.92,43.86,35.26,305,27.95,Tbio
MARK1,Q9P0L2,kinhub_core,67,0,3,1.7,2.2663333333333333,121,40.49,0,82.94,47.3,35.2,306,27.32,Tchem
TAF1,P21675,kinhub_core,34,0,38,1.21,2.0904736842105263,191,34.11,0,90.55,51.76,35.09,307,26.46,Tchem
CDK3,Q00526,kinhub_core,80,0,2,2.25,2.5,437,42.17,0,66,59.88,35.04,308,34.45,Tchem
EIF2AK1,Q9BQI3,kinhub_core,54,0,1,2.08,2.08,308,38.45,0,76.8,56.45,35.02,309,25.62,Tchem
AK1,P00568,uniprot_extended,221,0,3,1.71,1.9356666666666669,5,51.84,0,87.99,17.64,34.88,310,31.94,Tbio
TTBK1,Q5TCY1,kinhub_core,50,0,17,1.42,2.1605882352941177,87,37.73,0,89.43,44.08,34.83,311,27.48,Tbio
PANK2,Q9BZ23,uniprot_extended,748,0,1,2.14,2.14,1,63.51,0,74.4,6.82,34.71,312,33.57,Tbio
KHK,P50053,uniprot_extended,35,0,38,1.845,2.3091578947368423,447,34.38,0,78.77,60.11,34.61,313,24.59,Tchem
ULK2,Q8IYT8,kinhub_core,106,0,4,2.05,2.5,113,44.84,0,70.8,46.63,34.52,314,26.75,Tchem
STK26,Q9P289,kinhub_core,44,0,8,1.897,2.42585134813125,369,36.53,0,75.66,58.22,34.49,315,34.99,Tchem
MAPK6,Q16659,kinhub_core,83,0,4,2.25,2.5225,301,42.51,0,65.64,56.22,34.48,316,34.51,Tchem
TIE1,P35590,kinhub_core,181,0,1,2.501,2.501,114,49.93,0,59.96,46.72,34.42,317,41.5,Tchem
STK38,Q15208,kinhub_core,84,0,1,2.2,2.2,143,42.63,0,72,48.93,34.37,318,26.21,Tchem
NEK9,Q8TD19,kinhub_core,70,0,2,2.2,2.4000000000000004,282,40.9,0,68.8,55.58,34.36,319,25.1,Tchem
PCK1,P35558,uniprot_extended,137,0,7,1.854,2.1805714285714286,21,47.28,0,80.61,30.43,34.27,320,29.2,Tbio
CAMK2B,Q13554,kinhub_core,80,0,4,2.4,2.9,689,42.17,0,56,64.36,34.12,321,31.83,Tchem
STK17B,O94768,kinhub_core,34,0,10,1.75,2.3195,264,34.11,0,80.89,54.94,34.01,322,35.06,Tchem
PIP5K1C,O60331,uniprot_extended,40,0,2,1.83,2.215,191,35.63,0,80.64,51.76,33.94,323,25.32,Tchem
PIK3C2G,O75747,uniprot_extended,17,0,1,1.25,1.25,132,27.73,0,100,48.15,33.93,324,25.91,Tchem
PIK3C2A,O00443,uniprot_extended,43,0,8,1.678,2.194875,110,36.31,0,84.61,46.37,33.93,325,26.21,Tchem
PIP4K2C,Q8TBX8,uniprot_extended,34,0,5,1.95,2.3619999999999997,421,34.11,0,75.41,59.52,33.86,326,23.94,Tchem
CDKL2,Q92772,kinhub_core,26,0,3,1.53,1.75,89,31.62,0,95.28,44.3,33.8,327,26.42,Tchem
MAP3K10,Q02779,kinhub_core,45,0,1,2,2,140,36.74,0,80,48.72,33.7,328,34.02,Tchem
NME1,P15531,uniprot_extended,321,0,10,1.7,2.4202,2,55.41,0,80.48,10.82,33.69,329,31.88,Tbio
IKBKE,Q14164,kinhub_core,907,0,0,,,1349,65.36,0,0,70.97,33.62,330,31.99,Tchem
BMP2K,Q9NSY1,kinhub_core,23,0,5,1.72,2.214,333,30.49,0,83.3,57.21,33.58,331,36.62,Tchem
IPMK,Q8NFU5,uniprot_extended,69,0,25,1.6,1.8824,17,40.77,0,91.48,28.46,33.58,332,28.84,Tbio
DTYMK,P23919,uniprot_extended,25,1,21,1.5,1.7166666666666666,56,31.26,1,96.53,39.81,33.48,333,26.84,Tbio
MARK4,Q96L34,kinhub_core,148,0,2,2.8,2.9,366,48.01,0,46.4,58.14,33.43,334,33.13,Tchem
CKB,P12277,uniprot_extended,300,0,5,1.24,2.0740000000000003,0,54.76,0,90.82,0.0,33.39,335,33.39,Tbio
DGKA,P23743,uniprot_extended,50,1,1,2.142,2.142,137,37.73,1,74.32,48.51,33.38,336,25.3,Tbio
STK38L,Q9Y2H1,kinhub_core,45,0,1,2.1,2.1,173,36.74,0,76,50.79,33.38,337,32.18,Tchem
BRDT,Q58F21,kinhub_core,13,0,22,1.39,1.9231818181818183,297,25.32,0,93.23,56.09,33.33,338,23.98,Tchem
TTN,Q8WZ42,kinhub_core,147,1,52,0.96,2.0562115384615387,2,47.95,1,91.1,10.82,33.3,339,31.5,Tbio
COQ8A,Q8NI60,kinhub_core,16,0,4,1.64,1.9625,292,27.19,0,89.24,55.93,33.26,340,32.38,Tbio
TEC,P42680,kinhub_core,886,3,0,,,598,65.13,3,0,62.97,33.2,341,32.11,Tchem
CAMKK1,Q8N5S9,kinhub_core,52,0,2,2.1,2.1500000000000004,126,38.1,0,75.2,47.69,33.18,342,36.14,Tchem
SRPK2,P78362,kinhub_core,64,0,3,2.06,2.486666666666667,132,40.05,0,70.77,48.15,33.17,343,35.35,Tchem
PRKD1,Q15139,kinhub_core,1071,0,0,,,730,66.95,0,0,64.93,33.14,344,32.52,Tchem
CSNK1E,P49674,kinhub_core,45,0,2,2.74,2.755,2048,36.74,0,50.16,75.07,33.12,345,34.06,Tclin
WNK2,Q9Y3S1,kinhub_core,41,0,2,1.14,1.4415,14,35.86,0,100,26.66,33.06,346,28.62,Tbio
MYO3A,Q8NEV4,kinhub_core,18,0,1,1.55,1.55,83,28.25,0,98,43.62,33.02,347,31.51,Tbio
TP53RK,Q96S44,kinhub_core,19,0,5,1.71,2.042,246,28.74,0,86.29,54.24,33.0,348,23.96,Tbio
PFKFB2,O60825,uniprot_extended,69,0,1,2.01,2.01,36,40.77,0,79.6,35.55,32.78,349,26.86,Tchem
CSNK1G1,Q9HCP0,kinhub_core,7,0,1,1.75,1.75,878,19.95,0,90,66.74,32.77,350,28.92,Tchem
CDK16,Q00536,kinhub_core,50,0,3,2.2,2.6333333333333333,294,37.73,0,65.07,55.99,32.75,351,23.42,Tchem
NPR1,P16066,kinhub_core,170,0,10,2.7,2.978,162,49.34,0,47.55,50.15,32.73,352,24.37,Tclin
GRK4,P32298,kinhub_core,145,0,1,2.6,2.6,91,47.82,0,56,44.52,32.69,353,25.27,Tchem
CSNK1G3,Q9Y6M4,kinhub_core,6,0,10,1.3,1.97,805,18.67,0,92.48,65.89,32.62,354,30.08,Tchem
EPHA5,P54756,kinhub_core,55,0,2,2.4,2.5,291,38.62,0,62.4,55.89,32.59,355,34.18,Tchem
PHKG2,P15735,kinhub_core,34,0,1,2.5,2.5,851,34.11,0,60,66.43,32.44,356,30.77,Tchem
TRIM33,Q9UPN9,kinhub_core,24,2,9,1.625,2.582777777777778,131,30.89,2,79.68,48.07,32.25,357,24.24,Tchem
TRIO,O75962,kinhub_core,196,1,4,1.7,2.3025,1,50.69,1,82.36,6.82,32.09,358,30.96,Tbio
BCKDK,O14874,kinhub_core,89,0,5,2.155,2.6564,55,43.18,0,65.78,39.63,31.96,359,25.36,Tbio
STK17A,Q9UEE5,kinhub_core,26,0,2,2.4,2.5,823,31.62,0,62.4,66.11,31.96,360,33.02,Tchem
EPHA8,P29322,kinhub_core,38,0,1,2.15,2.15,120,35.15,0,74,47.22,31.92,361,37.5,Tchem
PANK3,Q9H999,uniprot_extended,14,0,34,1.55,1.9198823529411764,112,25.98,0,92.08,46.54,31.76,362,24.01,Tchem
MAST1,Q9Y2H9,kinhub_core,23,0,1,1.85,1.85,77,30.49,0,86,42.89,31.64,363,24.5,Tchem
RIOK2,Q9BVS4,kinhub_core,41,0,8,2.1,2.636876850135,157,35.86,0,67.41,49.84,31.49,364,23.19,Tbio
HIPK3,Q9H422,kinhub_core,79,0,2,2.5,2.6550000000000002,118,42.05,0,57.52,47.05,31.45,365,23.6,Tchem
PTK7,Q13308,kinhub_core,227,1,1,1.95,1.95,0,52.1,1,82,0.0,31.37,366,31.37,Tbio
CAMK1G,Q96NX5,kinhub_core,12,0,1,1.7,1.7,117,24.61,0,92,46.97,31.36,367,31.98,Tchem
BUB1B,O60566,kinhub_core,120,0,6,1.8,2.3995,5,46.02,0,78.41,17.64,31.35,368,28.41,Tbio
NADK,O95544,uniprot_extended,115,0,5,2.34,2.714,39,45.61,0,60.42,36.32,31.33,369,25.27,Tbio
WNK3,Q9BYP7,kinhub_core,83,0,9,1.723,2.4513333333333334,9,42.51,0,79.43,22.67,31.19,370,27.41,Tbio
TRIM28,Q13263,kinhub_core,92,2,5,1.77,2.3342,4,43.49,2,80.17,15.85,31.17,371,28.53,Tbio
DCAF1,Q9Y4B6,uniprot_extended,23,0,44,1.4,2.131198382786364,35,30.49,0,89.9,35.28,31.03,372,25.15,Tbio
PIK3CB,P42338,uniprot_extended,169,2,0,,,4701,49.28,2,0,83.25,30.97,373,17.09,Tchem
ACVR2B,Q13705,kinhub_core,18,0,11,1.85,2.6322727272727273,284,28.25,0,73.48,55.65,30.94,374,28.93,Tchem
RPS6KA6,Q9UK32,kinhub_core,38,0,3,2.499,2.6663333333333337,348,35.15,0,57.36,57.65,30.89,375,33.35,Tchem
PDK3,Q15120,kinhub_core,86,0,5,2.48,2.5620000000000003,52,42.85,0,59.49,39.09,30.71,376,24.2,Tchem
MAP3K15,Q6ZN16,kinhub_core,15,0,1,1.8,1.8,74,26.6,0,88,42.51,30.62,377,23.53,Tchem
UCK2,Q9BZX2,uniprot_extended,68,0,11,1.8,2.519909090909091,12,40.63,0,76.48,25.25,30.5,378,26.29,Tbio
MAP4K3,Q8IVH8,kinhub_core,53,0,1,2.85,2.85,443,38.28,0,46,60.02,30.43,379,33.88,Tchem
RIOK1,Q9BRS2,kinhub_core,41,0,8,2.11,2.72,93,35.86,0,65.84,44.73,30.38,380,34.45,Tchem
BLK,P51451,kinhub_core,199,6,0,,,1014,50.84,6,0,68.16,30.31,381,34.66,Tchem
PANK1,Q8TE04,uniprot_extended,31,0,2,1.9,1.9,21,33.25,0,84,30.43,30.15,382,25.08,Tbio
FN3K,Q9H479,uniprot_extended,72,0,7,1.67,2.0142857142857142,2,41.17,0,87.69,10.82,30.14,383,28.34,Tbio
TNNI3K,Q59H18,kinhub_core,50,0,5,2.7,2.958,314,37.73,0,47.87,56.64,29.99,384,32.63,Tchem
SPHK2,Q9NRA0,uniprot_extended,482,1,0,,,398,59.3,1,0,58.97,29.93,385,20.1,Tchem
PIM3,Q86V86,kinhub_core,190,0,0,,,2811,50.4,0,0,78.19,29.83,386,27.0,Tchem
CDKL3,Q8IVW4,kinhub_core,25,0,1,2.2,2.2,83,31.26,0,72,43.62,29.69,387,22.42,Tchem
SNRK,Q9NRH2,kinhub_core,113,0,1,2.9,2.9,78,45.44,0,44,43.02,29.65,388,22.48,Tchem
KSR1,Q8IVT5,kinhub_core,168,0,6,1.749,2.8475,1,49.22,0,72.46,6.82,29.62,389,28.48,Tbio
CMPK1,P30085,uniprot_extended,15,0,2,2.1,2.1,134,26.6,0,76,48.3,29.58,390,21.53,Tchem
EPHB6,O15197,kinhub_core,72,0,1,3.004,3.004,273,41.17,0,39.84,55.27,29.57,391,20.36,Tchem
ACVR2A,P27037,kinhub_core,15,0,6,1.95,2.275,120,26.6,0,76.8,47.22,29.54,392,27.43,Tchem
STK16,O75716,kinhub_core,27,0,1,2.6,2.6,325,31.97,0,56,56.98,29.49,393,30.9,Tchem
SMG1,Q96Q15,kinhub_core,130,4,8,2.82,3.18875,30,46.78,4,41.3,33.81,29.44,394,23.81,Tchem
STK33,Q9BYT3,kinhub_core,51,0,1,2.7,2.7,141,37.91,0,52,48.79,29.43,395,32.21,Tchem
ACVR1B,P36896,kinhub_core,58,0,2,3,3.1325000000000003,462,39.12,0,37.88,60.43,29.42,396,28.75,Tchem
MAP3K9,P80192,kinhub_core,36,0,2,2.6,2.705,204,34.65,0,54.32,52.41,29.34,397,30.81,Tchem
TPK1,Q9H3S4,uniprot_extended,110,0,2,1.8,1.9500000000000002,0,45.19,0,85.6,0.0,29.33,398,29.33,Tbio
MAST3,O60307,kinhub_core,14,0,1,1.2,1.2,10,25.98,0,100,23.61,29.26,399,25.33,Tbio
PFKP,Q01813,uniprot_extended,46,0,6,2.67,2.98,226,36.94,0,48.24,53.41,29.25,400,20.35,Tbio
LMTK3,Q96Q04,kinhub_core,45,0,1,2.1,2.1,12,36.74,0,76,25.25,29.12,401,24.91,Tchem
GALK1,P51570,uniprot_extended,5,0,20,1.86,2.29255,514,17.19,0,78.68,61.48,29.09,402,18.84,Tbio
TLK2,Q86UE8,kinhub_core,41,0,2,2.71,2.785,203,35.86,0,50.4,52.36,29.08,403,29.75,Tchem
PRPS1,P60891,uniprot_extended,11,0,27,2,2.4551851851851856,237,23.84,0,72.72,53.88,29.05,404,20.07,Tbio
AK3,Q9UIJ7,uniprot_extended,53,0,5,1.48,1.7364000000000002,0,38.28,0,96.22,0.0,28.8,405,28.79,Tbio
CSNK1G2,P78368,kinhub_core,8,0,1,2.4,2.4,852,21.08,0,64,66.45,28.77,406,27.09,Tchem
SPEG,Q15772,kinhub_core,42,0,1,0.96,0.96,0,36.09,0,100,0.0,28.7,407,28.7,Tbio
CERT1,Q9Y5P4,kinhub_core,24,0,26,1.4,1.8431923076923078,4,30.89,0,94.51,15.85,28.69,408,26.05,Tbio
CDK11B,P21127,kinhub_core,23,0,5,2.3,2.48,91,30.49,0,65.12,44.52,28.44,409,21.02,Tchem
PFKFB1,P16118,uniprot_extended,38,0,1,2.4,2.4,37,35.15,0,64,35.81,28.35,410,22.38,Tbio
CIT,O14578,kinhub_core,269,2,0,,,367,53.72,2,0,58.17,28.27,411,33.11,Tchem
RPS6KA2,Q15349,kinhub_core,288,0,0,,,441,54.37,0,0,59.97,28.12,412,31.16,Tchem
MAST4,O15021,kinhub_core,20,0,1,1.6,1.6,3,29.21,0,96,13.65,28.01,413,25.74,Tbio
CDKL1,Q00532,kinhub_core,23,0,1,2.4,2.4,78,30.49,0,64,43.02,28.0,414,20.83,Tchem
MASTL,Q96GX5,kinhub_core,99,0,2,2.74,2.92,25,44.19,0,47.52,32.08,28.0,415,22.65,Tbio
MAK,P20794,kinhub_core,611,1,0,,,76,61.57,1,0,42.77,27.99,416,20.86,Tchem
PIP4K2B,P78356,uniprot_extended,14,0,26,2.15,2.7038461538461536,167,25.98,0,65.14,50.45,27.92,417,31.59,Tchem
TRIB1,Q96RU8,kinhub_core,52,0,4,1.6,2.325,1,38.1,0,84.4,6.82,27.9,418,26.77,Tbio
PRP4K,Q13523,kinhub_core,15,0,11,2,2.5845454545454545,78,26.6,0,70.65,43.02,27.81,419,20.64,Tchem
NAGK,Q9UJ70,uniprot_extended,102,0,2,1.9,2.31,0,44.47,0,77.44,0.0,27.73,420,27.73,Tbio
PIP5K1A,Q99755,uniprot_extended,524,0,0,,,101,60.1,0,0,45.54,27.62,421,30.24,Tbio
RFK,Q969G6,uniprot_extended,54,0,4,1.7,1.905,0,38.45,0,88.72,0.0,27.6,422,27.6,Tbio
GUK1,Q16774,uniprot_extended,20,0,13,1.47,2.1946153846153846,5,29.21,0,88.89,17.64,27.49,423,24.55,Tbio
MVK,Q03426,uniprot_extended,226,0,1,2.5,2.5,0,52.05,0,60,0.0,27.35,424,27.35,Tchem
BAZ1B,Q9UIG0,kinhub_core,15,0,1,1.15,1.15,2,26.6,0,100,10.82,27.34,425,25.53,Tbio
ITPKA,P23677,uniprot_extended,41,0,17,1.59,1.8723529411764706,0,35.86,0,91.88,0.0,27.27,426,27.27,Tchem
MAP2K3,P46734,kinhub_core,268,0,0,,,296,53.68,0,0,56.06,27.24,427,23.66,Tchem
FRK,P42685,kinhub_core,150,0,0,,,824,48.14,0,0,66.12,27.07,428,31.76,Tchem
SIK2,Q9H0K1,kinhub_core,188,0,0,,,484,50.3,0,0,60.89,26.91,429,28.84,Tchem
WEE2,P0C1S8,kinhub_core,29,0,1,2.7,2.7,84,32.64,0,52,43.74,26.84,430,19.55,Tchem
ITPK1,Q13572,uniprot_extended,39,0,5,1.6,1.972,0,35.4,0,90.05,0.0,26.81,431,26.81,Tbio
AK4,P27144,uniprot_extended,52,0,3,2.05,2.1666666666666665,1,38.1,0,76.13,6.82,26.52,432,25.39,Tbio
MYLK2,Q9H1R3,kinhub_core,18,0,1,2.6,2.6,111,28.25,0,56,46.46,26.49,433,31.33,Tchem
NLK,Q9UBE8,kinhub_core,202,0,0,,,324,50.98,0,0,56.95,26.48,434,27.9,Tchem
SIK1,P57059,kinhub_core,218,1,0,,,216,51.71,1,0,52.97,26.4,435,30.15,Tchem
PIKFYVE,Q9Y2I7,uniprot_extended,289,0,0,,,149,54.4,0,0,49.33,26.36,436,18.13,Tchem
ALPK1,Q96QP1,kinhub_core,87,2,3,2.25,2.3813333333333335,0,42.96,2,67.9,0.0,26.3,437,26.3,Tbio
PI4K2A,Q9BTU6,uniprot_extended,27,0,6,2.28,2.763833333333333,27,31.97,0,61.06,32.81,26.3,438,20.83,Tbio
NME3,Q13232,uniprot_extended,30,0,7,1.255,2.0162857142857145,0,32.95,0,91.74,0.0,26.27,439,26.27,Tbio
RYK,P34925,kinhub_core,125,0,1,2.38,2.38,0,46.41,0,64.8,0.0,26.27,440,26.27,Tbio
MAPKAPK5,Q8IW41,kinhub_core,95,0,0,,,876,43.8,0,0,66.72,25.72,441,14.6,Tchem
PPIP5K2,O43314,uniprot_extended,20,0,21,1.7,1.9119047619047618,1,29.21,0,88.61,6.82,25.64,442,24.51,Tchem
CDK19,Q9BWU1,kinhub_core,111,1,0,,,505,45.27,1,0,61.3,25.64,443,26.95,Tchem
OBSCN,Q5VST9,kinhub_core,27,0,5,1.177,2.1673999999999998,0,31.97,0,89.32,0.0,25.54,444,25.54,Tbio
PAPSS1,O43252,uniprot_extended,14,0,9,1.4,1.879888888888889,1,25.98,0,93.92,6.82,25.45,445,24.32,Tbio
BAZ1A,Q9NRL2,kinhub_core,4,0,1,1.687,1.687,18,15.44,0,92.52,28.99,25.4,446,20.57,Tchem
ULK4,Q96C45,kinhub_core,26,0,2,1.75,1.825,0,31.62,0,88.8,0.0,25.34,447,25.34,Tbio
MOK,Q9UQ07,kinhub_core,343,1,0,,,45,56.04,1,0,37.7,25.3,448,19.01,Tbio
GK,P32189,uniprot_extended,1040,0,0,,,5,66.67,0,0,17.64,25.16,449,22.22,Tbio
TAOK1,Q7L7X3,kinhub_core,66,0,0,,,1223,40.34,0,0,70.0,25.11,450,13.45,Tchem
KALRN,O60229,kinhub_core,34,0,13,1.86,2.080769230769231,0,34.11,0,82.07,0.0,25.05,451,25.05,Tbio
PRKCZ,Q05513,kinhub_core,66,0,0,,,1141,40.34,0,0,69.32,25.0,452,13.45,Tchem
INSRR,P14616,kinhub_core,53,0,2,3.3,3.3499999999999996,104,38.28,0,27.2,45.82,24.93,453,26.69,Tchem
PRKACB,P22694,kinhub_core,72,0,0,,,889,41.17,0,0,66.86,24.87,454,22.16,Tchem
STK32A,Q8WU08,kinhub_core,6,0,1,2.29,2.29,79,18.67,0,68.4,43.14,24.81,455,17.62,Tchem
SGK2,Q9HBY8,kinhub_core,73,0,0,,,753,41.3,0,0,65.23,24.64,456,13.77,Tchem
PEAK1,Q9H792,kinhub_core,52,0,2,2.3,2.75,2,38.1,0,60.8,10.82,24.64,457,22.83,Tchem
TRIB2,Q92519,kinhub_core,53,0,1,2.7,2.7,6,38.28,0,52,19.16,24.62,458,21.43,Tbio
XYLB,O75191,uniprot_extended,19,0,4,1.68,1.855,0,28.74,0,90,0.0,24.58,459,24.58,Tbio
MYLK4,Q86YV6,kinhub_core,10,0,1,2.67,2.67,129,23.01,0,53.2,47.92,24.52,460,26.74,Tchem
NUAK1,O60285,kinhub_core,117,0,0,,,264,45.78,0,0,54.94,24.42,461,26.78,Tchem
TK2,O00142,uniprot_extended,235,0,0,,,65,52.43,0,0,41.25,24.35,462,17.48,Tchem
GRK3,P35626,kinhub_core,225,1,0,,,56,52.01,1,0,39.81,24.3,463,17.67,Tchem
PMVK,Q15126,uniprot_extended,17,0,1,1.76,1.76,0,27.73,0,89.6,0.0,24.18,464,24.18,Tbio
NME4,O00746,uniprot_extended,32,0,1,2.4,2.4,3,33.55,0,64,13.65,24.12,465,21.85,Tbio
AK6,Q9Y3D8,uniprot_extended,13,0,9,1.48,1.8702222222222222,0,25.32,0,94.08,0.0,24.12,466,24.12,Tbio
PAPSS2,O95340,uniprot_extended,13,0,5,1.8,2.3,3,25.32,0,80,13.65,24.05,467,21.77,Tbio
CKMT2,P17540,uniprot_extended,32,0,1,2.1,2.1,0,33.55,0,76,0.0,23.85,468,23.85,Tbio
TRRAP,Q9Y4A5,kinhub_core,59,0,6,2.35,2.89,1,39.29,0,57.36,6.82,23.79,469,22.66,Tbio
TXK,P42681,kinhub_core,63,0,0,,,586,39.91,0,0,62.77,23.77,470,22.7,Tchem
VRK3,Q8IV63,kinhub_core,25,0,1,2,2,0,31.26,0,80,0.0,23.75,471,23.75,Tbio
GUCY2C,P25092,kinhub_core,10,0,1,1.6,1.6,0,23.01,0,96,0.0,23.67,472,23.67,Tclin
NMRK1,Q9NWW6,uniprot_extended,11,0,7,1.32,1.8699999999999999,0,23.84,0,94.08,0.0,23.63,473,23.63,Tbio
GK2,Q14410,uniprot_extended,14,0,2,1.65,1.925,0,25.98,0,89.6,0.0,23.59,474,23.59,Tbio
PHKG1,Q16816,kinhub_core,11,0,6,2.7,2.985,106,23.84,0,47.44,46.01,23.52,475,27.38,Tchem
NEK6,Q9HC98,kinhub_core,117,0,0,,,152,45.78,0,0,49.53,23.51,476,18.89,Tchem
UCK1,Q9HA47,uniprot_extended,24,0,4,2.179,2.51875,2,30.89,0,67.4,10.82,23.33,477,21.53,Tbio
AGK,Q53H12,uniprot_extended,109,0,1,3.1,3.1,3,45.1,0,36,13.65,23.31,478,21.03,Tbio
AK5,Q9Y6K8,uniprot_extended,41,0,1,2.3,2.3,0,35.86,0,68,0.0,23.29,479,23.29,Tbio
BRSK1,Q8TDC3,kinhub_core,47,0,0,,,697,37.14,0,0,64.47,23.12,480,18.14,Tchem
IP6K1,Q92551,uniprot_extended,87,0,0,,,191,42.96,0,0,51.76,22.95,481,14.32,Tbio
PIK3C2B,O00750,uniprot_extended,53,0,0,,,461,38.28,0,0,60.41,22.83,482,12.76,Tchem
DGUOK,Q16854,uniprot_extended,68,0,1,2.8,2.8,1,40.63,0,48,6.82,22.68,483,21.54,Tbio
PRKX,P51817,kinhub_core,37,0,0,,,838,34.9,0,0,66.28,22.68,483,17.4,Tchem
PI4K2B,Q8TCG2,uniprot_extended,12,0,3,1.9,2.183333333333333,1,24.61,0,79.47,6.82,22.58,485,21.45,Tbio
NUAK2,Q9H093,kinhub_core,61,0,0,,,299,39.6,0,0,56.16,22.56,486,26.65,Tchem
MAP3K4,Q9Y6R4,kinhub_core,63,0,0,,,278,39.91,0,0,55.44,22.54,487,21.74,Tbio
RIPK4,P57078,kinhub_core,94,0,0,,,119,43.7,0,0,47.14,22.42,488,14.57,Tchem
NEK4,P51957,kinhub_core,38,0,0,,,665,35.15,0,0,64.01,22.38,489,11.72,Tchem
CDK14,O94921,kinhub_core,72,0,0,,,192,41.17,0,0,51.81,22.36,490,23.93,Tchem
MAPK15,Q8TD08,kinhub_core,55,0,0,,,312,38.62,0,0,56.58,22.3,491,24.95,Tchem
CDC42BPA,Q5VT25,kinhub_core,28,0,0,,,1124,32.31,0,0,69.17,22.3,492,19.21,Tchem
PIK3R4,Q99570,kinhub_core,51,0,5,2.73,3.158,3,37.91,0,43.95,13.65,22.24,493,19.96,Tbio
RPS6KA4,O75676,kinhub_core,52,0,0,,,331,38.1,0,0,57.16,22.23,494,24.22,Tchem
PRKD3,O94806,kinhub_core,26,0,0,,,1159,31.62,0,0,69.47,22.12,495,20.75,Tchem
TAOK2,Q9UL54,kinhub_core,53,0,0,,,298,38.28,0,0,56.12,22.11,496,12.76,Tchem
CILK1,Q9UPZ9,kinhub_core,54,0,0,,,260,38.45,0,0,54.79,21.95,497,12.82,Tchem
NADK2,Q4G0N4,uniprot_extended,38,0,5,2.29,2.794,0,35.15,0,60.34,0.0,21.77,498,21.77,Tbio
PI4KA,P42356,uniprot_extended,61,0,0,,,183,39.6,0,0,51.34,21.76,499,13.2,Tchem
MAP4K2,Q12851,kinhub_core,22,0,0,,,1241,30.09,0,0,70.15,21.72,500,10.03,Tchem
ANKK1,Q8NFD2,kinhub_core,84,0,0,,,92,42.63,0,0,44.63,21.65,501,25.73,Tbio
TLK1,Q9UKI8,kinhub_core,77,0,0,,,95,41.8,0,0,44.94,21.42,502,22.37,Tchem
HIPK1,Q86Z02,kinhub_core,55,0,0,,,178,38.62,0,0,51.07,21.38,503,12.87,Tchem
CKMT1A,P12532,uniprot_extended,16,0,10,2.2,2.52,1,27.19,0,66.88,6.82,21.35,504,20.21,Tbio
PFKL,P17858,uniprot_extended,30,0,4,2.6,2.9,2,32.95,0,51.2,10.82,21.32,505,19.52,Tbio
CDK11A,Q9UQ88,uniprot_extended,65,0,0,,,118,40.2,0,0,47.05,21.24,506,13.4,Tchem
IRAK2,O43187,kinhub_core,122,0,1,3.4,3.4,2,46.17,0,24,10.82,21.19,507,19.39,Tbio
TRPM6,Q9BX84,kinhub_core,80,0,0,,,73,42.17,0,0,42.38,21.12,508,14.06,Tchem
FAM20C,Q8IXL6,uniprot_extended,116,0,1,3.3,3.3,1,45.69,0,28,6.82,21.03,509,19.9,Tbio
TAF1L,Q8IZX4,kinhub_core,1,0,2,2.05,2.075,34,6.65,0,77.6,35.0,20.98,510,15.15,Tchem
SRMS,Q9H3Y6,kinhub_core,26,0,0,,,570,31.62,0,0,62.49,20.96,511,21.45,Tchem
TRPM7,Q96QT4,kinhub_core,342,0,0,,,3,56.01,0,0,13.65,20.94,512,18.67,Tchem
KSR2,Q6VAB6,kinhub_core,54,0,8,2.82,3.170125,1,38.45,0,41.6,6.82,20.89,513,19.75,Tbio
BRSK2,Q8IWQ3,kinhub_core,55,0,0,,,119,38.62,0,0,47.14,20.73,514,21.32,Tchem
CLP1,Q92989,uniprot_extended,63,0,2,2.9,2.92,0,39.91,0,43.68,0.0,20.58,515,20.58,Tbio
MAPK4,P31152,kinhub_core,61,0,0,,,88,39.6,0,0,44.19,20.57,516,18.96,Tbio
ITPKC,Q96DU7,uniprot_extended,32,0,1,2.6,2.6,0,33.55,0,56,0.0,20.52,517,20.52,Tchem
STK40,Q8N2I9,kinhub_core,27,0,1,2.53,2.53,0,31.97,0,58.8,0.0,20.46,518,20.46,Tbio
TSSK2,Q96PF2,kinhub_core,22,0,0,,,536,30.09,0,0,61.89,20.34,519,10.03,Tchem
MAP4K5,Q9Y4K4,kinhub_core,16,0,0,,,965,27.19,0,0,67.67,20.34,520,24.5,Tchem
ALDH18A1,P54886,uniprot_extended,7,0,1,2.25,2.25,2,19.95,0,70,10.82,20.12,521,18.32,Tbio
GALK2,Q01415,uniprot_extended,4,0,2,1.65,1.925,0,15.44,0,89.6,0.0,20.08,522,20.08,Tbio
NEK3,P51956,kinhub_core,28,0,0,,,278,32.31,0,0,55.44,20.01,523,10.77,Tbio
AMHR2,Q16671,kinhub_core,27,0,1,2.6,2.6,0,31.97,0,56,0.0,19.99,524,19.99,Tbio
CDK10,Q15131,kinhub_core,56,0,0,,,70,38.79,0,0,41.97,19.92,525,12.93,Tchem
TESK1,Q15569,kinhub_core,27,0,0,,,273,31.97,0,0,55.27,19.87,526,17.93,Tbio
DYRK4,Q9NR20,kinhub_core,14,0,0,,,844,25.98,0,0,66.35,19.72,527,8.66,Tchem
PKN3,Q6P5Z2,kinhub_core,32,0,0,,,151,33.55,0,0,49.46,19.43,528,11.18,Tchem
NRK,Q7Z2Y5,kinhub_core,417,0,0,,,0,57.91,0,0,0.0,19.3,529,19.3,Tdark
PFKFB4,Q16877,uniprot_extended,91,0,0,,,18,43.39,0,0,28.99,19.29,530,14.46,Tchem
MAP3K13,O43283,kinhub_core,33,1,0,,,104,33.84,1,0,45.82,19.25,531,11.61,Tchem
WHR1,P49842,kinhub_core,0,0,5,1.32,2.314,17,0,0,86.98,28.46,19.24,532,14.5,Tchem
CERK,Q8TCT0,uniprot_extended,147,0,0,,,5,47.95,0,0,17.64,18.92,533,15.98,Tchem
MYLK3,Q32MK0,kinhub_core,20,0,0,,,268,29.21,0,0,55.08,18.92,534,19.94,Tchem
IP6K2,Q9UHH9,uniprot_extended,41,0,0,,,66,35.86,0,0,41.4,18.85,535,11.95,Tbio
RIOK3,O14730,kinhub_core,35,0,0,,,88,34.38,0,0,44.19,18.82,536,20.86,Tchem
ITPKB,P27987,uniprot_extended,48,0,0,,,43,37.34,0,0,37.26,18.66,537,12.45,Tchem
HUNK,P57058,kinhub_core,35,0,0,,,77,34.38,0,0,42.89,18.61,538,11.46,Tchem
PNCK,Q6P2M8,kinhub_core,76,0,0,,,15,41.68,0,0,27.3,18.44,539,13.89,Tchem
GRK7,Q8WTQ7,kinhub_core,29,0,0,,,92,32.64,0,0,44.63,18.32,540,10.88,Tchem
CDK18,Q07002,kinhub_core,25,0,0,,,117,31.26,0,0,46.97,18.25,541,20.63,Tchem
HIPK4,Q8NE63,kinhub_core,9,0,0,,,704,22.09,0,0,64.57,18.12,542,7.36,Tchem
STK36,Q9NRP7,kinhub_core,26,0,0,,,89,31.62,0,0,44.3,17.92,543,20.75,Tbio
RBKS,Q9H477,uniprot_extended,1,0,14,1.45,1.8678571428571427,0,6.65,0,94.11,0.0,17.9,544,17.9,Tbio
MAP3K21,Q5TCX8,kinhub_core,11,0,1,2.8,2.8,2,23.84,0,48,10.82,17.75,545,15.95,Tbio
NEK5,Q6P3R8,kinhub_core,23,0,0,,,90,30.49,0,0,44.41,17.56,546,17.43,Tchem
NEK11,Q8NG66,kinhub_core,22,0,0,,,80,30.09,0,0,43.27,17.24,547,10.03,Tbio
DGKD,Q16760,uniprot_extended,21,0,1,2.9,2.9,0,29.66,0,44,0.0,17.22,548,17.22,Tbio
TSSK1B,Q9BXA7,kinhub_core,7,0,0,,,611,19.95,0,0,63.18,17.18,549,6.65,Tchem
DSTYK,Q6XUX3,kinhub_core,21,0,0,,,78,29.66,0,0,43.02,17.06,550,9.89,Tchem
HKDC1,Q2TB90,uniprot_extended,8,0,0,,,438,21.08,0,0,59.91,17.01,551,7.03,Tbio
PRKACG,P22612,kinhub_core,12,0,0,,,209,24.61,0,0,52.65,16.98,552,8.2,Tchem
NEK8,Q86SG6,kinhub_core,82,0,0,,,4,42.4,0,0,15.85,16.77,553,14.13,Tchem
TEX14,Q8IWB6,kinhub_core,6,0,2,2.301,2.6025,0,18.67,0,63.14,0.0,16.75,554,16.75,Tbio
ADCK1,Q86TW2,kinhub_core,9,0,0,,,245,22.09,0,0,54.2,16.4,555,7.36,Tchem
BLVRA,P53004,kinhub_core,10,0,1,2.7,2.7,0,23.01,0,52,0.0,16.34,556,16.34,Tbio
MAP3K6,O95382,kinhub_core,8,0,0,,,285,21.08,0,0,55.69,16.31,557,7.03,Tbio
SGMS1,Q86VZ5,uniprot_extended,19,0,0,,,59,28.74,0,0,40.31,16.3,558,9.58,Tchem
ABR,Q12979,kinhub_core,92,5,0,,,0,43.49,5,0,0.0,16.16,559,16.16,Tbio
DCLK2,Q8N568,kinhub_core,13,0,0,,,97,25.32,0,0,45.14,15.96,560,15.71,Tchem
HK3,P52790,uniprot_extended,11,0,1,2.8,2.8,0,23.84,0,48,0.0,15.95,561,15.95,Tbio
IP6K3,Q96PC2,uniprot_extended,18,0,0,,,49,28.25,0,0,38.52,15.84,562,9.42,Tbio
TRIB3,Q96RU7,kinhub_core,140,0,0,,,0,47.48,0,0,0.0,15.83,563,15.83,Tbio
CDK17,Q00537,kinhub_core,7,0,0,,,264,19.95,0,0,54.94,15.81,564,18.17,Tchem
STK35,Q8TDR2,kinhub_core,14,0,0,,,76,25.98,0,0,42.77,15.79,565,8.66,Tchem
ETNK1,Q9HBU6,uniprot_extended,135,0,0,,,0,47.14,0,0,0.0,15.71,566,15.71,Tbio
EPHA6,Q9UF33,kinhub_core,11,0,0,,,111,23.84,0,0,46.46,15.69,567,22.81,Tchem
SRPK3,Q9UPE1,kinhub_core,12,0,0,,,92,24.61,0,0,44.63,15.64,568,8.2,Tchem
COQ8B,Q96D53,kinhub_core,12,0,0,,,86,24.61,0,0,43.97,15.53,569,13.97,Tchem
PRAG1,Q86YV5,kinhub_core,14,0,2,2.953,3.0564999999999998,0,25.98,0,40.22,0.0,15.36,570,15.37,Tbio
MAP3K19,Q56UN5,kinhub_core,10,0,0,,,107,23.01,0,0,46.1,15.35,571,7.67,Tchem
CDK15,Q96Q40,kinhub_core,12,0,0,,,77,24.61,0,0,42.89,15.35,572,8.2,Tchem
SGMS2,Q8NHU3,uniprot_extended,9,0,0,,,119,22.09,0,0,47.14,15.22,573,7.36,Tchem
STK32C,Q86UX6,kinhub_core,10,0,0,,,90,23.01,0,0,44.41,15.07,574,11.3,Tbio
DCLK3,Q9C098,kinhub_core,9,0,0,,,100,22.09,0,0,45.44,14.94,575,18.27,Tchem
RPS6KB2,Q9UBS0,kinhub_core,13,0,0,,,42,25.32,0,0,37.03,14.61,576,8.44,Tchem
SBK1,Q52WX2,kinhub_core,9,0,0,,,77,22.09,0,0,42.89,14.51,577,7.36,Tchem
SEPHS1,P49903,uniprot_extended,1,0,4,1.9,2.5675,0,6.65,0,73.32,0.0,14.44,578,14.44,Tbio
PGK2,P07205,uniprot_extended,81,0,0,,,0,42.28,0,0,0.0,14.09,579,14.09,Tbio
ACVR1C,Q8NER5,kinhub_core,54,0,0,,,1,38.45,0,0,6.82,13.95,580,12.82,Tbio
CSNK2A3,Q8NEV1,uniprot_extended,4,0,0,,,209,15.44,0,0,52.65,13.92,581,5.15,Tdark
ADCK5,Q3MIX3,kinhub_core,5,0,0,,,143,17.19,0,0,48.93,13.88,582,5.73,Tdark
LRRK1,Q38SD2,kinhub_core,73,0,0,,,0,41.3,0,0,0.0,13.77,583,13.77,Tbio
TESK2,Q96S53,kinhub_core,4,0,0,,,169,15.44,0,0,50.57,13.57,584,5.15,Tchem
CIITA,P33076,uniprot_extended,66,0,0,,,0,40.34,0,0,0.0,13.45,585,13.45,Tbio
NEK10,Q6ZWH5,kinhub_core,28,0,0,,,4,32.31,0,0,15.85,13.41,586,10.77,Tchem
PFKM,P08237,uniprot_extended,45,0,0,,,1,36.74,0,0,6.82,13.38,587,12.25,Tbio
NPR2,P20594,kinhub_core,56,0,0,,,0,38.79,0,0,0.0,12.93,588,12.93,Tclin
DGKE,P52429,uniprot_extended,55,0,0,,,0,38.62,0,0,0.0,12.87,589,12.87,Tbio
COASY,Q13057,uniprot_extended,26,0,0,,,3,31.62,0,0,13.65,12.81,590,10.54,Tbio
LMTK2,Q8IWU2,kinhub_core,37,0,0,,,1,34.9,0,0,6.82,12.77,591,11.63,Tbio
CDC42BPG,Q6DT37,kinhub_core,2,0,0,,,257,10.54,0,0,54.67,12.62,592,13.72,Tchem
DGKI,O75912,uniprot_extended,18,0,0,,,6,28.25,0,0,19.16,12.61,593,9.42,Tbio
STK32B,Q9NY57,kinhub_core,4,0,0,,,93,15.44,0,0,44.73,12.6,594,12.42,Tchem
CMPK2,Q5EBM0,uniprot_extended,50,0,0,,,0,37.73,0,0,0.0,12.58,595,12.58,Tbio
FASTK,Q14296,kinhub_core,24,0,0,,,3,30.89,0,0,13.65,12.57,596,10.3,Tbio
TSSK3,Q96PN8,kinhub_core,13,0,0,,,11,25.32,0,0,24.47,12.52,597,8.44,Tchem
STYK1,Q6J9G0,kinhub_core,48,0,0,,,0,37.34,0,0,0.0,12.45,598,12.45,Tbio
FN3KRP,Q9HA64,uniprot_extended,22,0,0,,,3,30.09,0,0,13.65,12.3,599,10.03,Tbio
UHMK1,Q8TAS1,kinhub_core,41,0,0,,,0,35.86,0,0,0.0,11.95,600,11.95,Tbio
MYO3B,Q8WXR4,kinhub_core,3,0,0,,,92,13.3,0,0,44.63,11.87,601,10.2,Tchem
DGKB,Q9Y6T7,uniprot_extended,15,0,0,,,5,26.6,0,0,17.64,11.81,602,8.87,Tbio
TSSK6,Q9BXA6,kinhub_core,20,0,0,,,2,29.21,0,0,10.82,11.54,603,9.74,Tbio
PIP5K1B,O14986,uniprot_extended,13,0,0,,,5,25.32,0,0,17.64,11.38,604,8.44,Tbio
DGKH,Q86XP1,uniprot_extended,34,0,0,,,0,34.11,0,0,0.0,11.37,605,11.37,Tbio
PSTK,Q8IV42,uniprot_extended,34,0,0,,,0,34.11,0,0,0.0,11.37,605,11.37,Tbio
AATK,Q6ZMQ8,kinhub_core,33,0,0,,,0,33.84,0,0,0.0,11.28,607,11.28,Tbio
DGKG,P49619,uniprot_extended,12,0,0,,,5,24.61,0,0,17.64,11.14,608,8.2,Tbio
NOL9,Q5SY16,uniprot_extended,7,0,2,3.32,3.36,0,19.95,0,26.56,0.0,11.08,609,11.08,Tdark
PRPS2,P11908,uniprot_extended,2,0,3,2.74,3.0733333333333337,0,10.54,0,45.07,0.0,11.02,610,11.02,Tbio
STK31,Q9BXU1,kinhub_core,21,0,0,,,1,29.66,0,0,6.82,11.02,611,9.89,Tbio
PSKH1,P11801,kinhub_core,14,0,0,,,3,25.98,0,0,13.65,10.94,612,8.66,Tbio
MAST2,Q6P0Q8,kinhub_core,29,0,0,,,0,32.64,0,0,0.0,10.88,613,10.88,Tbio
SBK3,P0C264,kinhub_core,2,0,0,,,77,10.54,0,0,42.89,10.66,614,3.51,Tchem
TSSK4,Q6SA08,kinhub_core,18,0,0,,,1,28.25,0,0,6.82,10.55,615,9.42,Tbio
CDK20,Q8IZL9,kinhub_core,14,0,0,,,2,25.98,0,0,10.82,10.46,616,8.66,Tbio
DGKK,Q5KSL6,uniprot_extended,14,0,0,,,2,25.98,0,0,10.82,10.46,616,8.66,Tbio
AK7,Q96M32,uniprot_extended,25,0,0,,,0,31.26,0,0,0.0,10.42,618,10.42,Tbio
PKDCC,Q504Y2,kinhub_core,25,0,0,,,0,31.26,0,0,0.0,10.42,618,10.42,Tbio
ALPK3,Q96L96,kinhub_core,24,0,0,,,0,30.89,0,0,0.0,10.3,620,10.3,Tbio
EPHA10,Q5JZY3,kinhub_core,23,0,0,,,0,30.49,0,0,0.0,10.16,621,10.16,Tbio
TBCK,Q8TEA7,kinhub_core,20,0,0,,,0,29.21,0,0,0.0,9.74,622,9.74,Tbio
NIM1K,Q8IY84,kinhub_core,1,0,0,,,93,6.65,0,0,44.73,9.67,623,2.22,Tbio
CSNK1A1L,Q8N752,kinhub_core,1,0,0,,,90,6.65,0,0,44.41,9.62,624,12.42,Tdark
FAM20B,O75063,uniprot_extended,19,0,0,,,0,28.74,0,0,0.0,9.58,625,9.58,Tdark
NME6,O75414,uniprot_extended,18,0,0,,,0,28.25,0,0,0.0,9.42,626,9.42,Tbio
NMRK2,Q9NPI5,uniprot_extended,18,0,0,,,0,28.25,0,0,0.0,9.42,626,9.42,Tbio
PAN3,Q58A45,kinhub_core,12,0,0,,,1,24.61,0,0,6.82,9.34,628,8.2,Tbio
ALPK2,Q86TB3,kinhub_core,16,0,0,,,0,27.19,0,0,0.0,9.06,629,9.06,Tbio
CAMKV,Q8NCB2,kinhub_core,15,0,0,,,0,26.6,0,0,0.0,8.87,630,8.87,Tbio
POMK,Q9H5K3,kinhub_core,14,0,0,,,0,25.98,0,0,0.0,8.66,631,8.66,Tbio
PPIP5K1,Q6PFW1,uniprot_extended,14,0,0,,,0,25.98,0,0,0.0,8.66,631,8.66,Tbio
ADPGK,Q9BRR6,uniprot_extended,12,0,0,,,0,24.61,0,0,0.0,8.2,633,8.2,Tbio
NME7,Q9Y5B8,uniprot_extended,12,0,0,,,0,24.61,0,0,0.0,8.2,633,8.2,Tbio
GTF2F1,Q6IBK5,kinhub_core,2,0,1,3.3,3.3,0,10.54,0,28,0.0,8.18,635,8.18,
DOLK,Q9UPQ8,uniprot_extended,11,0,0,,,0,23.84,0,0,0.0,7.95,638,7.95,Tbio
IPPK,Q9H8X2,uniprot_extended,11,0,0,,,0,23.84,0,0,0.0,7.95,638,7.95,Tbio
NRBP1,Q9UHY1,kinhub_core,11,0,0,,,0,23.84,0,0,0.0,7.95,638,7.95,Tbio
PXK,Q7Z7A4,kinhub_core,11,0,0,,,0,23.84,0,0,0.0,7.95,638,7.95,Tbio
RPS6KC1,Q96S38,kinhub_core,11,0,0,,,0,23.84,0,0,0.0,7.95,638,7.95,Tdark
SCYL1,Q96KG9,kinhub_core,10,0,0,,,0,23.01,0,0,0.0,7.67,641,7.67,Tbio
CDKL4,Q5MAI5,kinhub_core,3,0,0,,,5,13.3,0,0,17.64,7.37,642,4.43,Tdark
GLYCTK,Q8IVS8,uniprot_extended,9,0,0,,,0,22.09,0,0,0.0,7.36,644,7.36,Tbio
PRKY,O43930,kinhub_core,9,0,0,,,0,22.09,0,0,0.0,7.36,644,7.36,Tdark
SCYL2,Q6P3W7,kinhub_core,9,0,0,,,0,22.09,0,0,0.0,7.36,644,7.36,Tbio
UCKL1,Q9NWZ5,uniprot_extended,9,0,0,,,0,22.09,0,0,0.0,7.36,644,7.36,Tbio
TKFC,Q3LXA3,uniprot_extended,6,0,0,,,1,18.67,0,0,6.82,7.36,647,6.22,Tbio
ETNK2,Q9NVF9,uniprot_extended,8,0,0,,,0,21.08,0,0,0.0,7.03,649,7.03,Tbio
FGGY,Q96C11,uniprot_extended,8,0,0,,,0,21.08,0,0,0.0,7.03,649,7.03,Tbio
GUCY2D,Q02846,kinhub_core,8,0,0,,,0,21.08,0,0,0.0,7.03,649,7.03,Tbio
SHPK,Q9UHJ6,uniprot_extended,8,0,0,,,0,21.08,0,0,0.0,7.03,649,7.03,Tbio
AK9,Q5TCS8,uniprot_extended,6,0,0,,,0,18.67,0,0,0.0,6.22,652,6.22,Tbio
GUCY2F,P51841,kinhub_core,6,0,0,,,0,18.67,0,0,0.0,6.22,652,6.22,Tbio
ADCK2,Q7Z695,kinhub_core,5,0,0,,,0,17.19,0,0,0.0,5.73,656,5.73,Tbio
AK8,Q96MA6,uniprot_extended,5,0,0,,,0,17.19,0,0,0.0,5.73,656,5.73,Tbio
GK5,Q6ZS86,uniprot_extended,5,0,0,,,0,17.19,0,0,0.0,5.73,656,5.73,Tbio
LRGUK,Q96M69,uniprot_extended,5,0,0,,,0,17.19,0,0,0.0,5.73,656,5.73,Tbio
SBK2,P0C263,kinhub_core,5,0,0,,,0,17.19,0,0,0.0,5.73,656,5.73,Tdark
SCYL3,Q8IZE3,kinhub_core,5,0,0,,,0,17.19,0,0,0.0,5.73,656,5.73,Tbio
FCSK,Q8N0W3,uniprot_extended,4,0,0,,,0,15.44,0,0,0.0,5.15,660,5.15,Tbio
PDIK1L,Q8N165,kinhub_core,4,0,0,,,0,15.44,0,0,0.0,5.15,660,5.15,Tdark
TRIM66,B5MCJ9,kinhub_core,3,0,0,,,0,13.3,0,0,0.0,4.43,662,4.43,
DGKQ,P52824,uniprot_extended,2,0,0,,,0,10.54,0,0,0.0,3.51,664,3.51,Tbio
GK3,Q14409,uniprot_extended,2,0,0,,,0,10.54,0,0,0.0,3.51,664,3.51,Tdark
NRBP2,Q9NSY0,kinhub_core,2,0,0,,,0,10.54,0,0,0.0,3.51,664,3.51,Tbio
PSKH2,Q96QS6,kinhub_core,2,0,0,,,0,10.54,0,0,0.0,3.51,664,3.51,Tdark
IDNK,Q5T6J7,uniprot_extended,1,0,0,,,0,6.65,0,0,0.0,2.22,669,2.22,Tbio
PI4KAP2,A4QPH2,uniprot_extended,1,0,0,,,0,6.65,0,0,0.0,2.22,669,2.22,Tchem
RPS6KL1,Q9Y6S9,kinhub_core,1,0,0,,,0,6.65,0,0,0.0,2.22,669,2.22,Tdark
RSKR,Q96LW2,kinhub_core,1,0,0,,,0,6.65,0,0,0.0,2.22,669,2.22,Tdark
SEPHS2,Q99611,uniprot_extended,1,0,0,,,0,6.65,0,0,0.0,2.22,669,2.22,Tbio
STKLD1,Q8NE28,kinhub_core,1,0,0,,,0,6.65,0,0,0.0,2.22,669,2.22,Tdark
STRADB,Q9C0K7,kinhub_core,0,0,0,,,1,0,0,0,6.82,1.14,673,0,Tbio
HYKK,A2RU49,uniprot_extended,0,0,0,,,0,0,0,0,0.0,0.0,676,0,Tbio
PDPK2P,Q6A1A2,uniprot_extended,0,0,0,,,0,0,0,0,0.0,0.0,676,0,Tdark
PMS2P1,A4D2B8,uniprot_extended,0,0,0,,,0,0,0,0,0.0,0.0,676,0,Tdark
PMS2P11,Q13670,uniprot_extended,0,0,0,,,0,0,0,0,0.0,0.0,676,0,Tdark
PRPS1L1,P21108,uniprot_extended,0,0,0,,,0,0,0,0,0.0,0.0,676,0,Tdark
